record_id,data_date,category,subtype,brand,series,model,model_code,alias,condition,price,unit,note,origin,source_image,source_path,verified,confidence,verification
0e6707a72172349d,2026-07-05,其它,EVD/唱戏机,,EVD,7-8寸屏,,,屏好,5,元/台,没电池扣3元,image,EVD 唱戏机.jpg,数码网报价单-0705更新/5.其它/EVD 唱戏机.jpg,1,1.0,visual_verified_from_uploaded_image
91fee8a0fb3e4b76,2026-07-05,其它,EVD/唱戏机,,EVD,7-8寸屏,,,屏坏,3,元/台,没电池扣3元,image,EVD 唱戏机.jpg,数码网报价单-0705更新/5.其它/EVD 唱戏机.jpg,1,1.0,visual_verified_from_uploaded_image
53cc00983d1bd3d0,2026-07-05,其它,EVD/唱戏机,,EVD,9-10寸屏,,,屏好,13,元/台,没电池扣3元,image,EVD 唱戏机.jpg,数码网报价单-0705更新/5.其它/EVD 唱戏机.jpg,1,1.0,visual_verified_from_uploaded_image
455763b71db205e4,2026-07-05,其它,EVD/唱戏机,,EVD,9-10寸屏,,,屏坏,3,元/台,没电池扣3元,image,EVD 唱戏机.jpg,数码网报价单-0705更新/5.其它/EVD 唱戏机.jpg,1,1.0,visual_verified_from_uploaded_image
374bfefa9fe6e475,2026-07-05,其它,EVD/唱戏机,,EVD,12寸/14寸以上,,,屏好,13,元/台,没电池扣3元,image,EVD 唱戏机.jpg,数码网报价单-0705更新/5.其它/EVD 唱戏机.jpg,1,1.0,visual_verified_from_uploaded_image
ad388ff574c0864d,2026-07-05,其它,EVD/唱戏机,,EVD,12寸/14寸以上,,,屏坏,3,元/台,没电池扣3元,image,EVD 唱戏机.jpg,数码网报价单-0705更新/5.其它/EVD 唱戏机.jpg,1,1.0,visual_verified_from_uploaded_image
ae3be09cbf3abdcc,2026-07-05,其它,EVD/唱戏机,,EVD,进口原装7寸以上,,,屏好,6,元/台,没电池扣3元,image,EVD 唱戏机.jpg,数码网报价单-0705更新/5.其它/EVD 唱戏机.jpg,1,1.0,visual_verified_from_uploaded_image
1b1b1683145070e9,2026-07-05,其它,EVD/唱戏机,,EVD,进口原装7寸以上,,,屏坏,3,元/台,没电池扣3元,image,EVD 唱戏机.jpg,数码网报价单-0705更新/5.其它/EVD 唱戏机.jpg,1,1.0,visual_verified_from_uploaded_image
80f77c84fc2de075,2026-07-05,其它,EVD/唱戏机,,唱戏机,8.9寸唱戏机,,,屏好,3,元/台,没电池扣3元,image,EVD 唱戏机.jpg,数码网报价单-0705更新/5.其它/EVD 唱戏机.jpg,1,1.0,visual_verified_from_uploaded_image
f7cdceefbebe87e6,2026-07-05,其它,EVD/唱戏机,,唱戏机,8.9寸唱戏机,,,屏坏,3,元/台,没电池扣3元,image,EVD 唱戏机.jpg,数码网报价单-0705更新/5.其它/EVD 唱戏机.jpg,1,1.0,visual_verified_from_uploaded_image
2223c662c330c970,2026-07-05,其它,EVD/唱戏机,,唱戏机,4.3寸唱戏机,,,屏好,5,元/台,没电池扣3元,image,EVD 唱戏机.jpg,数码网报价单-0705更新/5.其它/EVD 唱戏机.jpg,1,1.0,visual_verified_from_uploaded_image
e8389ccfd33699a3,2026-07-05,其它,EVD/唱戏机,,唱戏机,4.3寸唱戏机,,,屏坏,3,元/台,没电池扣3元,image,EVD 唱戏机.jpg,数码网报价单-0705更新/5.其它/EVD 唱戏机.jpg,1,1.0,visual_verified_from_uploaded_image
876450e2ee4e9cee,2026-07-05,其它,EVD/唱戏机,,唱戏机,7寸唱戏机,,,屏好,9,元/台,没电池扣3元,image,EVD 唱戏机.jpg,数码网报价单-0705更新/5.其它/EVD 唱戏机.jpg,1,1.0,visual_verified_from_uploaded_image
4a67b747ef5f4c1c,2026-07-05,其它,EVD/唱戏机,,唱戏机,7寸唱戏机,,,屏坏,3,元/台,没电池扣3元,image,EVD 唱戏机.jpg,数码网报价单-0705更新/5.其它/EVD 唱戏机.jpg,1,1.0,visual_verified_from_uploaded_image
12b71d898facf6c7,2026-07-05,其它,EVD/唱戏机,,唱戏机,9寸唱戏机,,,屏好,13,元/台,没电池扣3元,image,EVD 唱戏机.jpg,数码网报价单-0705更新/5.其它/EVD 唱戏机.jpg,1,1.0,visual_verified_from_uploaded_image
ad1626fdc3db699f,2026-07-05,其它,EVD/唱戏机,,唱戏机,9寸唱戏机,,,屏坏,3,元/台,没电池扣3元,image,EVD 唱戏机.jpg,数码网报价单-0705更新/5.其它/EVD 唱戏机.jpg,1,1.0,visual_verified_from_uploaded_image
b24589604151224c,2026-07-05,其它,EVD/唱戏机,,唱戏机,10.1寸唱戏机,,,屏好,13,元/台,没电池扣3元,image,EVD 唱戏机.jpg,数码网报价单-0705更新/5.其它/EVD 唱戏机.jpg,1,1.0,visual_verified_from_uploaded_image
e8cb54324a8d2bc6,2026-07-05,其它,EVD/唱戏机,,唱戏机,10.1寸唱戏机,,,屏坏,3,元/台,没电池扣3元,image,EVD 唱戏机.jpg,数码网报价单-0705更新/5.其它/EVD 唱戏机.jpg,1,1.0,visual_verified_from_uploaded_image
9c244c501f46a387,2026-07-05,其它,EVD/唱戏机,,佳佳机,佳佳机9寸,,,屏好,12,元/台,没电池扣3元,image,EVD 唱戏机.jpg,数码网报价单-0705更新/5.其它/EVD 唱戏机.jpg,1,1.0,visual_verified_from_uploaded_image
5bec664937fe7846,2026-07-05,其它,EVD/唱戏机,,佳佳机,佳佳机9寸,,,屏坏,3,元/台,没电池扣3元,image,EVD 唱戏机.jpg,数码网报价单-0705更新/5.其它/EVD 唱戏机.jpg,1,1.0,visual_verified_from_uploaded_image
7cd23be63534403a,2026-07-05,其它,EVD/唱戏机,,佳佳机,佳佳机7寸,,,屏好,10,元/台,没电池扣3元,image,EVD 唱戏机.jpg,数码网报价单-0705更新/5.其它/EVD 唱戏机.jpg,1,1.0,visual_verified_from_uploaded_image
d1fc31778d8d8dc7,2026-07-05,其它,EVD/唱戏机,,佳佳机,佳佳机7寸,,,屏坏,3,元/台,没电池扣3元,image,EVD 唱戏机.jpg,数码网报价单-0705更新/5.其它/EVD 唱戏机.jpg,1,1.0,visual_verified_from_uploaded_image
7c302c6aff3aac50,2026-07-05,其它,内存卡,,点数/内存,通点,,,单点/测试,5,元/个,,image,内存卡.jpg,数码网报价单-0705更新/5.其它/内存卡.jpg,1,1.0,visual_verified_from_uploaded_image
2edf211c19ae41f6,2026-07-05,其它,内存卡,,点数/内存,128M,,,单点/测试,1,元/个,,image,内存卡.jpg,数码网报价单-0705更新/5.其它/内存卡.jpg,1,1.0,visual_verified_from_uploaded_image
0940f689b2b3576c,2026-07-05,其它,内存卡,,点数/内存,256M,,,单点/测试,2,元/个,,image,内存卡.jpg,数码网报价单-0705更新/5.其它/内存卡.jpg,1,1.0,visual_verified_from_uploaded_image
526204782dd57b71,2026-07-05,其它,内存卡,,点数/内存,512M,,,单点/测试,2,元/个,,image,内存卡.jpg,数码网报价单-0705更新/5.其它/内存卡.jpg,1,1.0,visual_verified_from_uploaded_image
30582646485f2096,2026-07-05,其它,内存卡,,点数/内存,1G,,,单点/测试,3,元/个,,image,内存卡.jpg,数码网报价单-0705更新/5.其它/内存卡.jpg,1,1.0,visual_verified_from_uploaded_image
e48e7685b0a31615,2026-07-05,其它,内存卡,,点数/内存,2G,,,单点/测试,5.5,元/个,,image,内存卡.jpg,数码网报价单-0705更新/5.其它/内存卡.jpg,1,1.0,visual_verified_from_uploaded_image
85738e4fe0542442,2026-07-05,其它,内存卡,,点数/内存,4G,,,单点/测试,5.5,元/个,,image,内存卡.jpg,数码网报价单-0705更新/5.其它/内存卡.jpg,1,1.0,visual_verified_from_uploaded_image
2a6dae8798d94141,2026-07-05,其它,内存卡,,点数/内存,8G,,,单点/测试,6,元/个,,image,内存卡.jpg,数码网报价单-0705更新/5.其它/内存卡.jpg,1,1.0,visual_verified_from_uploaded_image
797c349debafd1fa,2026-07-05,其它,内存卡,,点数/内存,16G,,,单点/测试,8,元/个,,image,内存卡.jpg,数码网报价单-0705更新/5.其它/内存卡.jpg,1,1.0,visual_verified_from_uploaded_image
12c3377434fb6a95,2026-07-05,其它,内存卡,,点数/内存,32G,,,单点/测试,9,元/个,,image,内存卡.jpg,数码网报价单-0705更新/5.其它/内存卡.jpg,1,1.0,visual_verified_from_uploaded_image
34195f665b5104c5,2026-07-05,其它,内存卡,,点数/内存,64G,,,单点/测试,14,元/个,,image,内存卡.jpg,数码网报价单-0705更新/5.其它/内存卡.jpg,1,1.0,visual_verified_from_uploaded_image
3134543501f29f7f,2026-07-05,其它,内存卡,,点数/内存,128G,,,单点/测试,29,元/个,,image,内存卡.jpg,数码网报价单-0705更新/5.其它/内存卡.jpg,1,1.0,visual_verified_from_uploaded_image
6473fc3f9ad754b0,2026-07-05,其它,内存卡,,点数/内存,256G,,,单点/测试,44,元/个,,image,内存卡.jpg,数码网报价单-0705更新/5.其它/内存卡.jpg,1,1.0,visual_verified_from_uploaded_image
3a2757f85805c233,2026-07-05,其它,内存卡,,点数/内存,512G,,,单点/测试,49,元/个,,image,内存卡.jpg,数码网报价单-0705更新/5.其它/内存卡.jpg,1,1.0,visual_verified_from_uploaded_image
cece65b56aefa5ae,2026-07-05,其它,内存卡,,其它类型,假卡、断卡、生锈卡、升级卡,,,单点,0.5,元/斤,,image,内存卡.jpg,数码网报价单-0705更新/5.其它/内存卡.jpg,1,1.0,visual_verified_from_uploaded_image
3a08cc07112708fe,2026-07-05,其它,内存卡,,其它类型,U盘,,,单点,10,元/个,,image,内存卡.jpg,数码网报价单-0705更新/5.其它/内存卡.jpg,1,1.0,visual_verified_from_uploaded_image
63f8e72f4244801c,2026-07-05,其它,内存卡,,其它类型,大卡,,,单点,0.4,元/个,,image,内存卡.jpg,数码网报价单-0705更新/5.其它/内存卡.jpg,1,1.0,visual_verified_from_uploaded_image
6899d568277544e6,2026-07-05,其它,汽车导航,,汽车导航,6.2寸车头,,,屏好,16,元/台,,image,汽车导航模块.jpg,数码网报价单-0705更新/5.其它/汽车导航模块.jpg,1,1.0,visual_verified_from_uploaded_image
e3a325805eb73a4c,2026-07-05,其它,汽车导航,,汽车导航,6.2寸车头,,,屏坏,10,元/台,,image,汽车导航模块.jpg,数码网报价单-0705更新/5.其它/汽车导航模块.jpg,1,1.0,visual_verified_from_uploaded_image
a2fde68afd63a72b,2026-07-05,其它,汽车导航,,汽车导航,6.2寸车头,,,单面板屏,4,元/台,,image,汽车导航模块.jpg,数码网报价单-0705更新/5.其它/汽车导航模块.jpg,1,1.0,visual_verified_from_uploaded_image
57a28a5da6a30df9,2026-07-05,其它,汽车导航,,汽车导航,6.2寸车头,,,单底座无上盖,8,元/台,,image,汽车导航模块.jpg,数码网报价单-0705更新/5.其它/汽车导航模块.jpg,1,1.0,visual_verified_from_uploaded_image
6ab88c4e865424c7,2026-07-05,其它,汽车导航,,汽车导航,7寸车头,,,屏好,20,元/台,,image,汽车导航模块.jpg,数码网报价单-0705更新/5.其它/汽车导航模块.jpg,1,1.0,visual_verified_from_uploaded_image
e0341bbc950c655c,2026-07-05,其它,汽车导航,,汽车导航,7寸车头,,,屏坏,10,元/台,,image,汽车导航模块.jpg,数码网报价单-0705更新/5.其它/汽车导航模块.jpg,1,1.0,visual_verified_from_uploaded_image
2765814dfb930239,2026-07-05,其它,汽车导航,,汽车导航,7寸车头,,,单面板屏,6.4,元/台,,image,汽车导航模块.jpg,数码网报价单-0705更新/5.其它/汽车导航模块.jpg,1,1.0,visual_verified_from_uploaded_image
ee3575002ac46b6c,2026-07-05,其它,汽车导航,,汽车导航,7寸车头,,,单底座无上盖,8,元/台,,image,汽车导航模块.jpg,数码网报价单-0705更新/5.其它/汽车导航模块.jpg,1,1.0,visual_verified_from_uploaded_image
e9a008dc38fa6605,2026-07-05,其它,汽车导航,,汽车导航,8寸车头,,,屏好,20,元/台,,image,汽车导航模块.jpg,数码网报价单-0705更新/5.其它/汽车导航模块.jpg,1,1.0,visual_verified_from_uploaded_image
7c79addc71b2bff7,2026-07-05,其它,汽车导航,,汽车导航,8寸车头,,,屏坏,10,元/台,,image,汽车导航模块.jpg,数码网报价单-0705更新/5.其它/汽车导航模块.jpg,1,1.0,visual_verified_from_uploaded_image
5a008f45bf2c4b3e,2026-07-05,其它,汽车导航,,汽车导航,8寸车头,,,单面板屏,6.4,元/台,,image,汽车导航模块.jpg,数码网报价单-0705更新/5.其它/汽车导航模块.jpg,1,1.0,visual_verified_from_uploaded_image
33e370538764642d,2026-07-05,其它,汽车导航,,汽车导航,8寸车头,,,单底座无上盖,8,元/台,,image,汽车导航模块.jpg,数码网报价单-0705更新/5.其它/汽车导航模块.jpg,1,1.0,visual_verified_from_uploaded_image
8ab6a5b99c6f135d,2026-07-05,其它,汽车导航,,汽车导航,9寸车头,,,屏好,23,元/台,,image,汽车导航模块.jpg,数码网报价单-0705更新/5.其它/汽车导航模块.jpg,1,1.0,visual_verified_from_uploaded_image
9a780254227a8c87,2026-07-05,其它,汽车导航,,汽车导航,9寸车头,,,屏坏,10,元/台,,image,汽车导航模块.jpg,数码网报价单-0705更新/5.其它/汽车导航模块.jpg,1,1.0,visual_verified_from_uploaded_image
9003aabe7250fd87,2026-07-05,其它,汽车导航,,汽车导航,9寸车头,,,单面板屏,8,元/台,,image,汽车导航模块.jpg,数码网报价单-0705更新/5.其它/汽车导航模块.jpg,1,1.0,visual_verified_from_uploaded_image
b935bc74e31a1470,2026-07-05,其它,汽车导航,,汽车导航,9寸车头,,,单底座无上盖,8,元/台,,image,汽车导航模块.jpg,数码网报价单-0705更新/5.其它/汽车导航模块.jpg,1,1.0,visual_verified_from_uploaded_image
3ff4a37fc2c926af,2026-07-05,其它,汽车导航,,汽车导航,10.1寸车头,,,屏好,23,元/台,,image,汽车导航模块.jpg,数码网报价单-0705更新/5.其它/汽车导航模块.jpg,1,1.0,visual_verified_from_uploaded_image
1f72c9b553279c44,2026-07-05,其它,汽车导航,,汽车导航,10.1寸车头,,,屏坏,10,元/台,,image,汽车导航模块.jpg,数码网报价单-0705更新/5.其它/汽车导航模块.jpg,1,1.0,visual_verified_from_uploaded_image
cecb1eb0aa4f7457,2026-07-05,其它,汽车导航,,汽车导航,10.1寸车头,,,单面板屏,8,元/台,,image,汽车导航模块.jpg,数码网报价单-0705更新/5.其它/汽车导航模块.jpg,1,1.0,visual_verified_from_uploaded_image
75d2deb8c77840ae,2026-07-05,其它,汽车导航,,汽车导航,10.1寸车头,,,单底座无上盖,8,元/台,,image,汽车导航模块.jpg,数码网报价单-0705更新/5.其它/汽车导航模块.jpg,1,1.0,visual_verified_from_uploaded_image
a75671de774d0281,2026-07-05,其它,汽车导航,,汽车导航,原车CD机,,,屏好,3,元/台,,image,汽车导航模块.jpg,数码网报价单-0705更新/5.其它/汽车导航模块.jpg,1,1.0,visual_verified_from_uploaded_image
aa86e1d340def77e,2026-07-05,其它,汽车导航,,汽车导航,原车CD机,,,屏坏,3,元/台,,image,汽车导航模块.jpg,数码网报价单-0705更新/5.其它/汽车导航模块.jpg,1,1.0,visual_verified_from_uploaded_image
2a0ebdbb625133b9,2026-07-05,其它,汽车导航,,汽车导航,4.3寸屏行车后视镜,,,屏好,4,元/台,,image,汽车导航模块.jpg,数码网报价单-0705更新/5.其它/汽车导航模块.jpg,1,1.0,visual_verified_from_uploaded_image
302875843cca193a,2026-07-05,其它,汽车导航,,汽车导航,4.3寸屏行车后视镜,,,屏坏,1.6,元/台,,image,汽车导航模块.jpg,数码网报价单-0705更新/5.其它/汽车导航模块.jpg,1,1.0,visual_verified_from_uploaded_image
71b36beaed45bcd8,2026-07-05,电脑,一体机,,AMD一体机,18.5,,,AMD屏好,50,元/台,,image,AMD一体机.jpg,数码网报价单-0705更新/3.电脑以及电脑配件/AMD一体机.jpg,1,1.0,visual_verified_from_uploaded_image
980229b79f55331b,2026-07-05,电脑,一体机,,AMD一体机,18.5,,,奔腾屏好,55,元/台,,image,AMD一体机.jpg,数码网报价单-0705更新/3.电脑以及电脑配件/AMD一体机.jpg,1,1.0,visual_verified_from_uploaded_image
f104fab8d1734234,2026-07-05,电脑,一体机,,AMD一体机,18.5,,,赛扬屏好,55,元/台,,image,AMD一体机.jpg,数码网报价单-0705更新/3.电脑以及电脑配件/AMD一体机.jpg,1,1.0,visual_verified_from_uploaded_image
e1cedde73aa45000,2026-07-05,电脑,一体机,,AMD一体机,18.5,,,屏坏,35,元/台,,image,AMD一体机.jpg,数码网报价单-0705更新/3.电脑以及电脑配件/AMD一体机.jpg,1,1.0,visual_verified_from_uploaded_image
69f98811310b821f,2026-07-05,电脑,一体机,,AMD一体机,19,,,AMD屏好,50,元/台,,image,AMD一体机.jpg,数码网报价单-0705更新/3.电脑以及电脑配件/AMD一体机.jpg,1,1.0,visual_verified_from_uploaded_image
815db8ba27bfc84f,2026-07-05,电脑,一体机,,AMD一体机,19,,,奔腾屏好,55,元/台,,image,AMD一体机.jpg,数码网报价单-0705更新/3.电脑以及电脑配件/AMD一体机.jpg,1,1.0,visual_verified_from_uploaded_image
915499016d65bbef,2026-07-05,电脑,一体机,,AMD一体机,19,,,赛扬屏好,60,元/台,,image,AMD一体机.jpg,数码网报价单-0705更新/3.电脑以及电脑配件/AMD一体机.jpg,1,1.0,visual_verified_from_uploaded_image
164910518cc8c913,2026-07-05,电脑,一体机,,AMD一体机,19,,,屏坏,35,元/台,,image,AMD一体机.jpg,数码网报价单-0705更新/3.电脑以及电脑配件/AMD一体机.jpg,1,1.0,visual_verified_from_uploaded_image
901641fd8fb13622,2026-07-05,电脑,一体机,,AMD一体机,20,,,AMD屏好,50,元/台,,image,AMD一体机.jpg,数码网报价单-0705更新/3.电脑以及电脑配件/AMD一体机.jpg,1,1.0,visual_verified_from_uploaded_image
691338211ba83b4e,2026-07-05,电脑,一体机,,AMD一体机,20,,,奔腾屏好,55,元/台,,image,AMD一体机.jpg,数码网报价单-0705更新/3.电脑以及电脑配件/AMD一体机.jpg,1,1.0,visual_verified_from_uploaded_image
6fdcca492748b933,2026-07-05,电脑,一体机,,AMD一体机,20,,,赛扬屏好,60,元/台,,image,AMD一体机.jpg,数码网报价单-0705更新/3.电脑以及电脑配件/AMD一体机.jpg,1,1.0,visual_verified_from_uploaded_image
19dac268cf853f7e,2026-07-05,电脑,一体机,,AMD一体机,20,,,屏坏,35,元/台,,image,AMD一体机.jpg,数码网报价单-0705更新/3.电脑以及电脑配件/AMD一体机.jpg,1,1.0,visual_verified_from_uploaded_image
7abd32fe58677a06,2026-07-05,电脑,一体机,,AMD一体机,20.5,,,AMD屏好,50,元/台,,image,AMD一体机.jpg,数码网报价单-0705更新/3.电脑以及电脑配件/AMD一体机.jpg,1,1.0,visual_verified_from_uploaded_image
64c680e534332d25,2026-07-05,电脑,一体机,,AMD一体机,20.5,,,奔腾屏好,55,元/台,,image,AMD一体机.jpg,数码网报价单-0705更新/3.电脑以及电脑配件/AMD一体机.jpg,1,1.0,visual_verified_from_uploaded_image
061789c50701aa53,2026-07-05,电脑,一体机,,AMD一体机,20.5,,,赛扬屏好,60,元/台,,image,AMD一体机.jpg,数码网报价单-0705更新/3.电脑以及电脑配件/AMD一体机.jpg,1,1.0,visual_verified_from_uploaded_image
80bd28cc575008ba,2026-07-05,电脑,一体机,,AMD一体机,20.5,,,屏坏,35,元/台,,image,AMD一体机.jpg,数码网报价单-0705更新/3.电脑以及电脑配件/AMD一体机.jpg,1,1.0,visual_verified_from_uploaded_image
1e79626b922651c4,2026-07-05,电脑,一体机,,AMD一体机,21.5,,,AMD屏好,65,元/台,,image,AMD一体机.jpg,数码网报价单-0705更新/3.电脑以及电脑配件/AMD一体机.jpg,1,1.0,visual_verified_from_uploaded_image
9c4505cd5e8fb987,2026-07-05,电脑,一体机,,AMD一体机,21.5,,,奔腾屏好,70,元/台,,image,AMD一体机.jpg,数码网报价单-0705更新/3.电脑以及电脑配件/AMD一体机.jpg,1,1.0,visual_verified_from_uploaded_image
78c543d05148163b,2026-07-05,电脑,一体机,,AMD一体机,21.5,,,赛扬屏好,80,元/台,,image,AMD一体机.jpg,数码网报价单-0705更新/3.电脑以及电脑配件/AMD一体机.jpg,1,1.0,visual_verified_from_uploaded_image
49944e61c6897c45,2026-07-05,电脑,一体机,,AMD一体机,21.5,,,屏坏,40,元/台,,image,AMD一体机.jpg,数码网报价单-0705更新/3.电脑以及电脑配件/AMD一体机.jpg,1,1.0,visual_verified_from_uploaded_image
6ae3fca48b54fd7c,2026-07-05,电脑,一体机,,AMD一体机,22,,,AMD屏好,65,元/台,,image,AMD一体机.jpg,数码网报价单-0705更新/3.电脑以及电脑配件/AMD一体机.jpg,1,1.0,visual_verified_from_uploaded_image
f9e04300d97f3ac9,2026-07-05,电脑,一体机,,AMD一体机,22,,,奔腾屏好,70,元/台,,image,AMD一体机.jpg,数码网报价单-0705更新/3.电脑以及电脑配件/AMD一体机.jpg,1,1.0,visual_verified_from_uploaded_image
0c171af4807534fd,2026-07-05,电脑,一体机,,AMD一体机,22,,,赛扬屏好,75,元/台,,image,AMD一体机.jpg,数码网报价单-0705更新/3.电脑以及电脑配件/AMD一体机.jpg,1,1.0,visual_verified_from_uploaded_image
8d56da8bd69b6e03,2026-07-05,电脑,一体机,,AMD一体机,22,,,屏坏,40,元/台,,image,AMD一体机.jpg,数码网报价单-0705更新/3.电脑以及电脑配件/AMD一体机.jpg,1,1.0,visual_verified_from_uploaded_image
0f9871917720d724,2026-07-05,电脑,一体机,,AMD一体机,23,,,AMD屏好,65,元/台,,image,AMD一体机.jpg,数码网报价单-0705更新/3.电脑以及电脑配件/AMD一体机.jpg,1,1.0,visual_verified_from_uploaded_image
b4e84d358250edd2,2026-07-05,电脑,一体机,,AMD一体机,23,,,奔腾屏好,70,元/台,,image,AMD一体机.jpg,数码网报价单-0705更新/3.电脑以及电脑配件/AMD一体机.jpg,1,1.0,visual_verified_from_uploaded_image
016e3ae824854213,2026-07-05,电脑,一体机,,AMD一体机,23,,,赛扬屏好,75,元/台,,image,AMD一体机.jpg,数码网报价单-0705更新/3.电脑以及电脑配件/AMD一体机.jpg,1,1.0,visual_verified_from_uploaded_image
2918fc35ac42f234,2026-07-05,电脑,一体机,,AMD一体机,23,,,屏坏,40,元/台,,image,AMD一体机.jpg,数码网报价单-0705更新/3.电脑以及电脑配件/AMD一体机.jpg,1,1.0,visual_verified_from_uploaded_image
865220c89daee00a,2026-07-05,电脑,一体机,,AMD一体机,23.6,,,AMD屏好,65,元/台,,image,AMD一体机.jpg,数码网报价单-0705更新/3.电脑以及电脑配件/AMD一体机.jpg,1,1.0,visual_verified_from_uploaded_image
f42331c1ff0be51a,2026-07-05,电脑,一体机,,AMD一体机,23.6,,,奔腾屏好,70,元/台,,image,AMD一体机.jpg,数码网报价单-0705更新/3.电脑以及电脑配件/AMD一体机.jpg,1,1.0,visual_verified_from_uploaded_image
30973b696ae24c03,2026-07-05,电脑,一体机,,AMD一体机,23.6,,,赛扬屏好,75,元/台,,image,AMD一体机.jpg,数码网报价单-0705更新/3.电脑以及电脑配件/AMD一体机.jpg,1,1.0,visual_verified_from_uploaded_image
7468867fde9e6d5b,2026-07-05,电脑,一体机,,AMD一体机,23.6,,,屏坏,40,元/台,,image,AMD一体机.jpg,数码网报价单-0705更新/3.电脑以及电脑配件/AMD一体机.jpg,1,1.0,visual_verified_from_uploaded_image
7f490dba7e387dd7,2026-07-05,电脑,一体机,,AMD一体机,24,,,AMD屏好,65,元/台,,image,AMD一体机.jpg,数码网报价单-0705更新/3.电脑以及电脑配件/AMD一体机.jpg,1,1.0,visual_verified_from_uploaded_image
7bab2522937d5325,2026-07-05,电脑,一体机,,AMD一体机,24,,,奔腾屏好,70,元/台,,image,AMD一体机.jpg,数码网报价单-0705更新/3.电脑以及电脑配件/AMD一体机.jpg,1,1.0,visual_verified_from_uploaded_image
04db149e94c2576e,2026-07-05,电脑,一体机,,AMD一体机,24,,,赛扬屏好,75,元/台,,image,AMD一体机.jpg,数码网报价单-0705更新/3.电脑以及电脑配件/AMD一体机.jpg,1,1.0,visual_verified_from_uploaded_image
f7edc91e94546ae6,2026-07-05,电脑,一体机,,AMD一体机,24,,,屏坏,40,元/台,,image,AMD一体机.jpg,数码网报价单-0705更新/3.电脑以及电脑配件/AMD一体机.jpg,1,1.0,visual_verified_from_uploaded_image
93e69d872960f9f5,2026-07-05,电脑,一体机,,AMD一体机,27,,,AMD屏好,65,元/台,,image,AMD一体机.jpg,数码网报价单-0705更新/3.电脑以及电脑配件/AMD一体机.jpg,1,1.0,visual_verified_from_uploaded_image
a2fa5d0151050d9a,2026-07-05,电脑,一体机,,AMD一体机,27,,,奔腾屏好,70,元/台,,image,AMD一体机.jpg,数码网报价单-0705更新/3.电脑以及电脑配件/AMD一体机.jpg,1,1.0,visual_verified_from_uploaded_image
3f7411b5dc26fbfb,2026-07-05,电脑,一体机,,AMD一体机,27,,,赛扬屏好,75,元/台,,image,AMD一体机.jpg,数码网报价单-0705更新/3.电脑以及电脑配件/AMD一体机.jpg,1,1.0,visual_verified_from_uploaded_image
d78a0c00874cc1f7,2026-07-05,电脑,一体机,,AMD一体机,27,,,屏坏,40,元/台,,image,AMD一体机.jpg,数码网报价单-0705更新/3.电脑以及电脑配件/AMD一体机.jpg,1,1.0,visual_verified_from_uploaded_image
5838db4cc807de72,2026-07-05,电脑,一体机,苹果,,假苹果一体机,,,屏好,80,元/台,,image,AMD一体机.jpg,数码网报价单-0705更新/3.电脑以及电脑配件/AMD一体机.jpg,1,1.0,visual_verified_from_uploaded_image
532ddae530c1b568,2026-07-05,电脑,一体机,苹果,,假苹果一体机,,,屏坏,40,元/台,,image,AMD一体机.jpg,数码网报价单-0705更新/3.电脑以及电脑配件/AMD一体机.jpg,1,1.0,visual_verified_from_uploaded_image
16cebe0e79829519,2026-07-05,电脑,CPU,,点数系列,英特尔,,,点数,3.5,元/斤,,image,点数CPU.jpg,数码网报价单-0705更新/3.电脑以及电脑配件/点数CPU.jpg,1,1.0,visual_verified_from_uploaded_image
b10db23bf2fe079a,2026-07-05,电脑,CPU,,点数系列,AMD全针,,,点数,8,元/斤,,image,点数CPU.jpg,数码网报价单-0705更新/3.电脑以及电脑配件/点数CPU.jpg,1,1.0,visual_verified_from_uploaded_image
c4a0e21afc8424a4,2026-07-05,电脑,CPU,,点数系列,AMD半针,,,点数,7,元/斤,,image,点数CPU.jpg,数码网报价单-0705更新/3.电脑以及电脑配件/点数CPU.jpg,1,1.0,visual_verified_from_uploaded_image
ef2992e5c71270e1,2026-07-05,电脑,CPU,,点数系列,陶瓷,,,点数,25,元/斤,起,image,点数CPU.jpg,数码网报价单-0705更新/3.电脑以及电脑配件/点数CPU.jpg,1,1.0,visual_verified_from_uploaded_image
256fb761a8214233,2026-07-05,电脑,台式机主板,其他,其他,最老款电脑统货无桥,,,正常,70,元/个,,image,台式机主板.jpg,数码网报价单-0705更新/3.电脑以及电脑配件/台式机主板.jpg,1,1.0,visual_verified_from_uploaded_image
17baa6c9b8cc5bb0,2026-07-05,电脑,台式机主板,其他,其他,最老款电脑统货单桥,,,正常,80,元/个,,image,台式机主板.jpg,数码网报价单-0705更新/3.电脑以及电脑配件/台式机主板.jpg,1,1.0,visual_verified_from_uploaded_image
28009ef835e563b1,2026-07-05,电脑,台式机主板,其他,其他,主机机皮,,,正常,1.5,元/个,,image,台式机主板.jpg,数码网报价单-0705更新/3.电脑以及电脑配件/台式机主板.jpg,1,1.0,visual_verified_from_uploaded_image
f2ff5faa339abeb2,2026-07-05,电脑,台式机主板,其他,其他,最老款电脑统货无硬盘,,,正常,125,元/个,,image,台式机主板.jpg,数码网报价单-0705更新/3.电脑以及电脑配件/台式机主板.jpg,1,1.0,visual_verified_from_uploaded_image
961ef36ad3ac96bf,2026-07-05,电脑,台式机主板,其他,其他,H610,,,正常,65,元/个,,image,台式机主板.jpg,数码网报价单-0705更新/3.电脑以及电脑配件/台式机主板.jpg,1,1.0,visual_verified_from_uploaded_image
2bea98e0985cd648,2026-07-05,电脑,台式机主板,其他,其他,H510,,,正常,65,元/个,,image,台式机主板.jpg,数码网报价单-0705更新/3.电脑以及电脑配件/台式机主板.jpg,1,1.0,visual_verified_from_uploaded_image
c068d349d650903e,2026-07-05,电脑,台式机主板,其他,其他,H410,,,正常,55,元/个,,image,台式机主板.jpg,数码网报价单-0705更新/3.电脑以及电脑配件/台式机主板.jpg,1,1.0,visual_verified_from_uploaded_image
a7dc3bdcfc18dcb7,2026-07-05,电脑,台式机主板,其他,其他,H110,,,正常,70,元/个,,image,台式机主板.jpg,数码网报价单-0705更新/3.电脑以及电脑配件/台式机主板.jpg,1,1.0,visual_verified_from_uploaded_image
ed7e680c942aafce,2026-07-05,电脑,台式机主板,其他,其他,B150,,,正常,70,元/个,,image,台式机主板.jpg,数码网报价单-0705更新/3.电脑以及电脑配件/台式机主板.jpg,1,1.0,visual_verified_from_uploaded_image
91beea938b499fc2,2026-07-05,电脑,台式机主板,其他,其他,B250,,,正常,70,元/个,,image,台式机主板.jpg,数码网报价单-0705更新/3.电脑以及电脑配件/台式机主板.jpg,1,1.0,visual_verified_from_uploaded_image
106737c712f22f0a,2026-07-05,电脑,台式机主板,其他,其他,B360,,,正常,55,元/个,,image,台式机主板.jpg,数码网报价单-0705更新/3.电脑以及电脑配件/台式机主板.jpg,1,1.0,visual_verified_from_uploaded_image
bba83fe10b7a2bee,2026-07-05,电脑,台式机主板,其他,其他,B365,,,正常,55,元/个,,image,台式机主板.jpg,数码网报价单-0705更新/3.电脑以及电脑配件/台式机主板.jpg,1,1.0,visual_verified_from_uploaded_image
8021b3b27631e65c,2026-07-05,电脑,台式机主板,其他,其他,B460,,,正常,55,元/个,,image,台式机主板.jpg,数码网报价单-0705更新/3.电脑以及电脑配件/台式机主板.jpg,1,1.0,visual_verified_from_uploaded_image
52594e5760570732,2026-07-05,电脑,台式机主板,其他,其他,B560,,,正常,55,元/个,,image,台式机主板.jpg,数码网报价单-0705更新/3.电脑以及电脑配件/台式机主板.jpg,1,1.0,visual_verified_from_uploaded_image
2363f3ba0e01d10f,2026-07-05,电脑,台式机主板,其他,其他,B660,,,正常,55,元/个,,image,台式机主板.jpg,数码网报价单-0705更新/3.电脑以及电脑配件/台式机主板.jpg,1,1.0,visual_verified_from_uploaded_image
7b77dc1eed6e2dfa,2026-07-05,电脑,台式机主板,其他,其他,Z370,,,正常,55,元/个,,image,台式机主板.jpg,数码网报价单-0705更新/3.电脑以及电脑配件/台式机主板.jpg,1,1.0,visual_verified_from_uploaded_image
1df4756515bf47c3,2026-07-05,电脑,台式机主板,其他,其他,Z490,,,正常,55,元/个,,image,台式机主板.jpg,数码网报价单-0705更新/3.电脑以及电脑配件/台式机主板.jpg,1,1.0,visual_verified_from_uploaded_image
b2c00561dd1c688e,2026-07-05,电脑,台式机主板,其他,其他,Z590,,,正常,55,元/个,,image,台式机主板.jpg,数码网报价单-0705更新/3.电脑以及电脑配件/台式机主板.jpg,1,1.0,visual_verified_from_uploaded_image
ae12d58bcf3e08a7,2026-07-05,电脑,台式机主板,其他,其他,Z690,,,正常,55,元/个,,image,台式机主板.jpg,数码网报价单-0705更新/3.电脑以及电脑配件/台式机主板.jpg,1,1.0,visual_verified_from_uploaded_image
0391b4ee084be1d0,2026-07-05,电脑,台式机主板,其他,其他,H61,,,正常,15,元/个,,image,台式机主板.jpg,数码网报价单-0705更新/3.电脑以及电脑配件/台式机主板.jpg,1,1.0,visual_verified_from_uploaded_image
206114cb25e712a3,2026-07-05,电脑,台式机主板,其他,其他,H81,,,正常,20,元/个,,image,台式机主板.jpg,数码网报价单-0705更新/3.电脑以及电脑配件/台式机主板.jpg,1,1.0,visual_verified_from_uploaded_image
5fa6ba82023d5f6f,2026-07-05,电脑,台式机主板,其他,其他,B85,,,正常,20,元/个,,image,台式机主板.jpg,数码网报价单-0705更新/3.电脑以及电脑配件/台式机主板.jpg,1,1.0,visual_verified_from_uploaded_image
ac938a7832dab6ea,2026-07-05,电脑,台式机主板,其他,其他,B75,,,正常,15,元/个,,image,台式机主板.jpg,数码网报价单-0705更新/3.电脑以及电脑配件/台式机主板.jpg,1,1.0,visual_verified_from_uploaded_image
3540f0de4773b674,2026-07-05,电脑,台式机主板,其他,其他,J1900,,,正常,30,元/个,,image,台式机主板.jpg,数码网报价单-0705更新/3.电脑以及电脑配件/台式机主板.jpg,1,1.0,visual_verified_from_uploaded_image
f07a01a830e2b209,2026-07-05,电脑,台式机主板,其他,其他,H55,,,正常,10,元/个,,image,台式机主板.jpg,数码网报价单-0705更新/3.电脑以及电脑配件/台式机主板.jpg,1,1.0,visual_verified_from_uploaded_image
ad1a87337bbf0c6b,2026-07-05,电脑,台式机主板,其他,其他,P55,,,正常,10,元/个,,image,台式机主板.jpg,数码网报价单-0705更新/3.电脑以及电脑配件/台式机主板.jpg,1,1.0,visual_verified_from_uploaded_image
4b8befd523daadc6,2026-07-05,电脑,台式机主板,其他,其他,A55,,,正常,10,元/个,,image,台式机主板.jpg,数码网报价单-0705更新/3.电脑以及电脑配件/台式机主板.jpg,1,1.0,visual_verified_from_uploaded_image
d1fe360dcbeba2b7,2026-07-05,电脑,台式机主板,其他,其他,无桥主板,,,正常,16,元/个,,image,台式机主板.jpg,数码网报价单-0705更新/3.电脑以及电脑配件/台式机主板.jpg,1,1.0,visual_verified_from_uploaded_image
e4ebef1482f66be2,2026-07-05,电脑,台式机主板,其他,其他,单桥主板,,,正常,36,元/个,,image,台式机主板.jpg,数码网报价单-0705更新/3.电脑以及电脑配件/台式机主板.jpg,1,1.0,visual_verified_from_uploaded_image
7018bc6e0ae03793,2026-07-05,电脑,台式机主板,其他,其他,双桥主板,,,正常,73,元/个,,image,台式机主板.jpg,数码网报价单-0705更新/3.电脑以及电脑配件/台式机主板.jpg,1,1.0,visual_verified_from_uploaded_image
b3b53f8f35a19085,2026-07-05,电脑,台式机主板,其他,其他,hm55,,,正常,5,元/个,,image,台式机主板.jpg,数码网报价单-0705更新/3.电脑以及电脑配件/台式机主板.jpg,1,1.0,visual_verified_from_uploaded_image
bf297ce5b2a21363,2026-07-05,电脑,台式机主板,其他,其他,h55,,,正常,5,元/个,,image,台式机主板.jpg,数码网报价单-0705更新/3.电脑以及电脑配件/台式机主板.jpg,1,1.0,visual_verified_from_uploaded_image
7aaa0e0d1e6635b7,2026-07-05,电脑,台式机主板,其他,其他,hm65,,,正常,10,元/个,,image,台式机主板.jpg,数码网报价单-0705更新/3.电脑以及电脑配件/台式机主板.jpg,1,1.0,visual_verified_from_uploaded_image
061741e0bbc7bdfb,2026-07-05,电脑,台式机主板,其他,其他,hm86,,,正常,20,元/个,,image,台式机主板.jpg,数码网报价单-0705更新/3.电脑以及电脑配件/台式机主板.jpg,1,1.0,visual_verified_from_uploaded_image
1a1e060d34f3aaa3,2026-07-05,电脑,台式机主板,其他,其他,d525,,,正常,2,元/个,,image,台式机主板.jpg,数码网报价单-0705更新/3.电脑以及电脑配件/台式机主板.jpg,1,1.0,visual_verified_from_uploaded_image
4c64922d4cd43254,2026-07-05,电脑,电脑配件,其他,其他,电脑主机光驱,,,正常,4.3,元/个,,image,台式机光驱和电源.jpg,数码网报价单-0705更新/3.电脑以及电脑配件/台式机光驱和电源.jpg,1,1.0,visual_verified_from_uploaded_image
fe9c00d2b7c8ad09,2026-07-05,电脑,电脑配件,其他,其他,电脑主机电源,,,正常,5.2,元/个,,image,台式机光驱和电源.jpg,数码网报价单-0705更新/3.电脑以及电脑配件/台式机光驱和电源.jpg,1,1.0,visual_verified_from_uploaded_image
e45c0ba55992dfbc,2026-07-05,其它,户户通,通用,通用,天地星户户通,,,正常,20,元/台,,image,户户通.jpg,数码网报价单-0705更新/5.其它/户户通.jpg,1,1.0,visual_verified_from_uploaded_image
0e2cbf8cae3ec8de,2026-07-05,其它,户户通,通用,通用,新大陆户户通,,,正常,20,元/台,,image,户户通.jpg,数码网报价单-0705更新/5.其它/户户通.jpg,1,1.0,visual_verified_from_uploaded_image
bd6dc1e1098b8b9f,2026-07-05,其它,户户通,通用,通用,户户通大机,,,正常,20,元/台,,image,户户通.jpg,数码网报价单-0705更新/5.其它/户户通.jpg,1,1.0,visual_verified_from_uploaded_image
9bb1fb995eef09e4,2026-07-05,其它,户户通,通用,通用,户户通老款插卡对号回收,,,正常,5,元/台,,image,户户通.jpg,数码网报价单-0705更新/5.其它/户户通.jpg,1,1.0,visual_verified_from_uploaded_image
2886f2d9e3d8f174,2026-07-05,其它,电子书,亚马逊,亚马逊,Kindle Oasis 2 (KO2),,,开机屏好,180,元/台,,image,亚马逊电子书.jpg,数码网报价单-0705更新/5.其它/亚马逊电子书.jpg,1,1.0,visual_verified_from_uploaded_image
011f32f59d4c11e3,2026-07-05,其它,电子书,亚马逊,亚马逊,Kindle Oasis 2 (KO2),,,开机屏坏,10,元/台,,image,亚马逊电子书.jpg,数码网报价单-0705更新/5.其它/亚马逊电子书.jpg,1,1.0,visual_verified_from_uploaded_image
af5e3830576d1b28,2026-07-05,其它,电子书,亚马逊,亚马逊,Kindle Oasis 2 (KO2),,,不开机,10,元/台,,image,亚马逊电子书.jpg,数码网报价单-0705更新/5.其它/亚马逊电子书.jpg,1,1.0,visual_verified_from_uploaded_image
9fad2b1ff5ca6c60,2026-07-05,其它,电子书,亚马逊,亚马逊,亚马逊老款,,,开机屏好,10,元/台,,image,亚马逊电子书.jpg,数码网报价单-0705更新/5.其它/亚马逊电子书.jpg,1,1.0,visual_verified_from_uploaded_image
70071d6afa109a01,2026-07-05,其它,电子书,亚马逊,亚马逊,亚马逊老款,,,开机屏坏,8,元/台,,image,亚马逊电子书.jpg,数码网报价单-0705更新/5.其它/亚马逊电子书.jpg,1,1.0,visual_verified_from_uploaded_image
597be0950ebbca15,2026-07-05,其它,电子书,亚马逊,亚马逊,亚马逊老款,,,不开机,8,元/台,,image,亚马逊电子书.jpg,数码网报价单-0705更新/5.其它/亚马逊电子书.jpg,1,1.0,visual_verified_from_uploaded_image
fd1a91fc90645900,2026-07-05,其它,路由器,通用,通用,不通电,,,正常,9,元/台,,image,路由器.jpg,数码网报价单-0705更新/5.其它/路由器.jpg,1,1.0,visual_verified_from_uploaded_image
d14e389c2fd4c209,2026-07-05,其它,路由器,通用,通用,称斤,,,正常,9,元/台,,image,路由器.jpg,数码网报价单-0705更新/5.其它/路由器.jpg,1,1.0,visual_verified_from_uploaded_image
22a02aa2cb0976b8,2026-07-05,其它,路由器,通用,通用,华为 wifi6-AX3000,,,正常,45,元/台,,image,路由器.jpg,数码网报价单-0705更新/5.其它/路由器.jpg,1,1.0,visual_verified_from_uploaded_image
12a525d09181739b,2026-07-05,其它,路由器,通用,通用,H3C-Magic-wifi6,,,正常,15,元/台,,image,路由器.jpg,数码网报价单-0705更新/5.其它/路由器.jpg,1,1.0,visual_verified_from_uploaded_image
14cc35a5af9c3a67,2026-07-05,其它,路由器,通用,通用,TP-5660,,,正常,8,元/台,,image,路由器.jpg,数码网报价单-0705更新/5.其它/路由器.jpg,1,1.0,visual_verified_from_uploaded_image
a7797bad8cacc554,2026-07-05,其它,路由器,通用,通用,TP-Link千兆,,,正常,8,元/台,,image,路由器.jpg,数码网报价单-0705更新/5.其它/路由器.jpg,1,1.0,visual_verified_from_uploaded_image
f1df9975a623a0d9,2026-07-05,其它,路由器,通用,通用,腾达AC6/AC7,,,正常,5,元/台,,image,路由器.jpg,数码网报价单-0705更新/5.其它/路由器.jpg,1,1.0,visual_verified_from_uploaded_image
ee8ac439016c1b3d,2026-07-05,其它,路由器,通用,通用,腾达AC9,,,正常,5,元/台,,image,路由器.jpg,数码网报价单-0705更新/5.其它/路由器.jpg,1,1.0,visual_verified_from_uploaded_image
d3829caf97f717c1,2026-07-05,其它,路由器,通用,通用,极路由,,,正常,4,元/台,,image,路由器.jpg,数码网报价单-0705更新/5.其它/路由器.jpg,1,1.0,visual_verified_from_uploaded_image
22814a03891e2f2a,2026-07-05,其它,路由器,通用,通用,斐讯K2,,,正常,8,元/台,,image,路由器.jpg,数码网报价单-0705更新/5.其它/路由器.jpg,1,1.0,visual_verified_from_uploaded_image
462c93a2cdf801e2,2026-07-05,其它,路由器,通用,通用,斐讯K2P,,,正常,15,元/台,,image,路由器.jpg,数码网报价单-0705更新/5.其它/路由器.jpg,1,1.0,visual_verified_from_uploaded_image
d11cf477f57bf399,2026-07-05,其它,路由器,通用,通用,中兴E2633,,,正常,30,元/台,,image,路由器.jpg,数码网报价单-0705更新/5.其它/路由器.jpg,1,1.0,visual_verified_from_uploaded_image
4a8780fed3983d06,2026-07-05,其它,路由器,通用,通用,中兴wifi6 E2603,,,正常,15,元/台,,image,路由器.jpg,数码网报价单-0705更新/5.其它/路由器.jpg,1,1.0,visual_verified_from_uploaded_image
a1cc8f658cd70012,2026-07-05,其它,路由器,通用,通用,水星D1916,,,正常,4,元/台,,image,路由器.jpg,数码网报价单-0705更新/5.其它/路由器.jpg,1,1.0,visual_verified_from_uploaded_image
eb2534c3db6b0f16,2026-07-05,其它,路由器,通用,通用,水星D196,,,正常,4,元/台,,image,路由器.jpg,数码网报价单-0705更新/5.其它/路由器.jpg,1,1.0,visual_verified_from_uploaded_image
eed51f20881975af,2026-07-05,其它,路由器,通用,通用,小米wifi6,,,正常,15,元/台,,image,路由器.jpg,数码网报价单-0705更新/5.其它/路由器.jpg,1,1.0,visual_verified_from_uploaded_image
6602d794d39480e7,2026-07-05,其它,路由器,通用,通用,迅捷FAC1900R,,,正常,8,元/台,,image,路由器.jpg,数码网报价单-0705更新/5.其它/路由器.jpg,1,1.0,visual_verified_from_uploaded_image
1d8a5821d13c5290,2026-07-05,其它,光猫,通用,通用,华为8346x6,,,点数,80,元/台,,image,光猫.jpg,数码网报价单-0705更新/5.其它/光猫.jpg,1,1.0,visual_verified_from_uploaded_image
2b2f79611df36a0f,2026-07-05,其它,光猫,通用,通用,华为8546V,,,点数,50,元/台,,image,光猫.jpg,数码网报价单-0705更新/5.其它/光猫.jpg,1,1.0,visual_verified_from_uploaded_image
f1ab3ca0810db052,2026-07-05,其它,光猫,通用,通用,华为HS8546V2 GPON,,,点数,50,元/台,,image,光猫.jpg,数码网报价单-0705更新/5.其它/光猫.jpg,1,1.0,visual_verified_from_uploaded_image
2b0a8a610220e7c2,2026-07-05,其它,光猫,通用,通用,华为8145V GPON,,,点数,13,元/台,,image,光猫.jpg,数码网报价单-0705更新/5.其它/光猫.jpg,1,1.0,visual_verified_from_uploaded_image
3bc2d7cc25425be6,2026-07-05,其它,光猫,通用,通用,华为8145V EPON,,,点数,13,元/台,,image,光猫.jpg,数码网报价单-0705更新/5.其它/光猫.jpg,1,1.0,visual_verified_from_uploaded_image
a39b621efae62ebc,2026-07-05,其它,光猫,通用,通用,HG8546V,,,点数,13,元/台,,image,光猫.jpg,数码网报价单-0705更新/5.其它/光猫.jpg,1,1.0,visual_verified_from_uploaded_image
323d5ac50f1c5bb5,2026-07-05,其它,光猫,通用,通用,hs8545m,,,点数,15,元/台,,image,光猫.jpg,数码网报价单-0705更新/5.其它/光猫.jpg,1,1.0,visual_verified_from_uploaded_image
516062648047a6ac,2026-07-05,其它,光猫,通用,通用,HS8346R5,,,点数,15,元/台,,image,光猫.jpg,数码网报价单-0705更新/5.其它/光猫.jpg,1,1.0,visual_verified_from_uploaded_image
8a23a3e4b302b4f0,2026-07-05,其它,光猫,通用,通用,HS8545M5 GPON,,,点数,13,元/台,,image,光猫.jpg,数码网报价单-0705更新/5.其它/光猫.jpg,1,1.0,visual_verified_from_uploaded_image
7c25bc5ccd88ab3b,2026-07-05,其它,光猫,通用,通用,HS8545M GPON,,,点数,13,元/台,,image,光猫.jpg,数码网报价单-0705更新/5.其它/光猫.jpg,1,1.0,visual_verified_from_uploaded_image
42f3fc7aeedb7a00,2026-07-05,其它,光猫,通用,通用,HS8145C5 GPON,,,点数,13,元/台,,image,光猫.jpg,数码网报价单-0705更新/5.其它/光猫.jpg,1,1.0,visual_verified_from_uploaded_image
d9f3e69fc87bbfa0,2026-07-05,其它,光猫,通用,通用,8546M GPON,,,点数,13,元/台,,image,光猫.jpg,数码网报价单-0705更新/5.其它/光猫.jpg,1,1.0,visual_verified_from_uploaded_image
2cf2444043d4a1e1,2026-07-05,其它,光猫,通用,通用,HS8145C5 EPON,,,点数,13,元/台,,image,光猫.jpg,数码网报价单-0705更新/5.其它/光猫.jpg,1,1.0,visual_verified_from_uploaded_image
47bf158e24516c9f,2026-07-05,其它,光猫,通用,通用,HG8010,,,点数,5,元/台,,image,光猫.jpg,数码网报价单-0705更新/5.其它/光猫.jpg,1,1.0,visual_verified_from_uploaded_image
5bad2841064e4541,2026-07-05,其它,光猫,通用,通用,吉比特HG8310M,,,点数,13,元/台,,image,光猫.jpg,数码网报价单-0705更新/5.其它/光猫.jpg,1,1.0,visual_verified_from_uploaded_image
96f0307fee33aa95,2026-07-05,其它,光猫,通用,通用,F677V2,,,点数,8,元/台,,image,光猫.jpg,数码网报价单-0705更新/5.其它/光猫.jpg,1,1.0,visual_verified_from_uploaded_image
c4a417517c2a4ba3,2026-07-05,其它,光猫,通用,通用,F6979AV,,,点数,10,元/台,,image,光猫.jpg,数码网报价单-0705更新/5.其它/光猫.jpg,1,1.0,visual_verified_from_uploaded_image
4d5f48073e98142f,2026-07-05,其它,光猫,通用,通用,中兴F673A V3a,,,点数,12,元/台,,image,光猫.jpg,数码网报价单-0705更新/5.其它/光猫.jpg,1,1.0,visual_verified_from_uploaded_image
f6d54515be635b6b,2026-07-05,其它,光猫,通用,通用,中兴F673A V2 GPON,,,点数,10,元/台,,image,光猫.jpg,数码网报价单-0705更新/5.其它/光猫.jpg,1,1.0,visual_verified_from_uploaded_image
43a01018d5688ef1,2026-07-05,其它,光猫,通用,通用,6821M,,,点数,10,元/台,,image,光猫.jpg,数码网报价单-0705更新/5.其它/光猫.jpg,1,1.0,visual_verified_from_uploaded_image
dba9ccab0223ae34,2026-07-05,其它,光猫,通用,通用,中兴F650双天线,,,点数,4,元/台,,image,光猫.jpg,数码网报价单-0705更新/5.其它/光猫.jpg,1,1.0,visual_verified_from_uploaded_image
48244ce0612712e0,2026-07-05,其它,光猫,通用,通用,HN8346X6-C,,,点数,17,元/台,,image,光猫.jpg,数码网报价单-0705更新/5.其它/光猫.jpg,1,1.0,visual_verified_from_uploaded_image
b4aabd8118dfd4b3,2026-07-05,其它,光猫,通用,通用,H2-2,,,点数,11,元/台,,image,光猫.jpg,数码网报价单-0705更新/5.其它/光猫.jpg,1,1.0,visual_verified_from_uploaded_image
0be1b60063861a3e,2026-07-05,其它,光猫,通用,通用,中国移动ZN-M142G,,,点数,6,元/台,,image,光猫.jpg,数码网报价单-0705更新/5.其它/光猫.jpg,1,1.0,visual_verified_from_uploaded_image
75ac35e2fcbdcf62,2026-07-05,其它,光猫,通用,通用,中国移动H61G,,,点数,6,元/台,,image,光猫.jpg,数码网报价单-0705更新/5.其它/光猫.jpg,1,1.0,visual_verified_from_uploaded_image
2b54c852062a5baa,2026-07-05,其它,光猫,通用,通用,HG6145D,,,点数,5,元/台,,image,光猫.jpg,数码网报价单-0705更新/5.其它/光猫.jpg,1,1.0,visual_verified_from_uploaded_image
95f41c1e4f167372,2026-07-05,其它,光猫,通用,通用,光纤猫,,,点数,8,元/台,,image,光猫.jpg,数码网报价单-0705更新/5.其它/光猫.jpg,1,1.0,visual_verified_from_uploaded_image
9e79771fcf5cb8ac,2026-07-05,其它,光猫,通用,通用,光纤猫芯片,,,点数,6,元/台,,image,光猫.jpg,数码网报价单-0705更新/5.其它/光猫.jpg,1,1.0,visual_verified_from_uploaded_image
eab20ea02166b031,2026-07-05,其它,电池,通用,通用,原装品牌电池,,,正常,44,元/个,,image,电池.jpg,数码网报价单-0705更新/5.其它/电池.jpg,1,1.0,visual_verified_from_uploaded_image
597c4441b493322c,2026-07-05,其它,电池,通用,通用,品牌电池,,,正常,15,元/个,,image,电池.jpg,数码网报价单-0705更新/5.其它/电池.jpg,1,1.0,visual_verified_from_uploaded_image
0460ca9fc457520e,2026-07-05,其它,电池,通用,通用,杂牌电池,,,正常,15,元/个,,image,电池.jpg,数码网报价单-0705更新/5.其它/电池.jpg,1,1.0,visual_verified_from_uploaded_image
549baabf131f4b1c,2026-07-05,其它,电池,通用,通用,软电池双排线双电芯,,,正常,52,元/斤,,image,电池.jpg,数码网报价单-0705更新/5.其它/电池.jpg,1,1.0,visual_verified_from_uploaded_image
2f3c32457252d3e2,2026-07-05,其它,电池,通用,通用,vivo Y31电池,,,正常,8,元/个,,image,电池.jpg,数码网报价单-0705更新/5.其它/电池.jpg,1,1.0,visual_verified_from_uploaded_image
735a48a82b293fce,2026-07-05,其它,电池,通用,通用,非品牌智能机电池,,,正常,20,元/个,,image,电池.jpg,数码网报价单-0705更新/5.其它/电池.jpg,1,1.0,visual_verified_from_uploaded_image
622e32be53a5145d,2026-07-05,其它,电池,通用,通用,老年机电池,,,正常,1,元/个,,image,电池.jpg,数码网报价单-0705更新/5.其它/电池.jpg,1,1.0,visual_verified_from_uploaded_image
c192fe710b35900e,2026-07-05,其它,电池,通用,通用,14系列苹果电池,,,正常,6,元/斤,,image,电池.jpg,数码网报价单-0705更新/5.其它/电池.jpg,1,1.0,visual_verified_from_uploaded_image
40cd44b48144525f,2026-07-05,其它,电池,通用,通用,7系列苹果电池,,,正常,1.8,元/斤,,image,电池.jpg,数码网报价单-0705更新/5.其它/电池.jpg,1,1.0,visual_verified_from_uploaded_image
1a7696dad970e6c6,2026-07-05,其它,电池,通用,通用,6系列苹果电池,,,正常,1.8,元/斤,,image,电池.jpg,数码网报价单-0705更新/5.其它/电池.jpg,1,1.0,visual_verified_from_uploaded_image
851d9e21ec8ed0ac,2026-07-05,其它,电池,通用,通用,ipad电池,,,正常,13,元/斤,,image,电池.jpg,数码网报价单-0705更新/5.其它/电池.jpg,1,1.0,visual_verified_from_uploaded_image
44019b6a472f97dc,2026-07-05,其它,电池,通用,通用,汽车动力电池18650,,,正常,1.5,元/个,,image,电池.jpg,数码网报价单-0705更新/5.其它/电池.jpg,1,1.0,visual_verified_from_uploaded_image
3e7b3cfe38296cf7,2026-07-05,其它,电池,通用,通用,汽车动力电池18650废电池,,,正常,3,元/斤,,image,电池.jpg,数码网报价单-0705更新/5.其它/电池.jpg,1,1.0,visual_verified_from_uploaded_image
252d611b2c16c8b8,2026-07-05,其它,电池,通用,通用,铁锂电池,,,正常,3,元/斤,,image,电池.jpg,数码网报价单-0705更新/5.其它/电池.jpg,1,1.0,visual_verified_from_uploaded_image
7104a7b098cf78d9,2026-07-05,其它,电池,通用,通用,充电宝,,,正常,5,元/斤,,image,电池.jpg,数码网报价单-0705更新/5.其它/电池.jpg,1,1.0,visual_verified_from_uploaded_image
edf5c416cf6ee3e6,2026-07-05,其它,扫描枪,东大集成,扫描枪,小马哥5G版,,,开机屏好,360,元/个,来源图表可辨识；仅录入清晰行,image,扫描枪.jpg,数码网报价单-0705更新/其它/扫描枪.jpg,1,1.0,visual_verified_from_uploaded_image
211d7c81087c3fca,2026-07-05,其它,扫描枪,东大集成,扫描枪,小马哥5G版,,,开机屏坏,170,元/个,来源图表可辨识；仅录入清晰行,image,扫描枪.jpg,数码网报价单-0705更新/其它/扫描枪.jpg,1,1.0,visual_verified_from_uploaded_image
1ab7b6fe85bc36a7,2026-07-05,其它,扫描枪,东大集成,扫描枪,小马哥5G版,,,不开机,25,元/个,来源图表可辨识；仅录入清晰行,image,扫描枪.jpg,数码网报价单-0705更新/其它/扫描枪.jpg,1,1.0,visual_verified_from_uploaded_image
941e30a3cba00ad8,2026-07-05,其它,扫描枪,东大集成,扫描枪,小马哥5G版,,,进水生锈,25,元/个,来源图表可辨识；仅录入清晰行,image,扫描枪.jpg,数码网报价单-0705更新/其它/扫描枪.jpg,1,1.0,visual_verified_from_uploaded_image
6dda99be8ba45864,2026-07-05,其它,扫描枪,德邦,扫描枪,DPK3BP,,,开机屏好,240,元/个,来源图表可辨识；仅录入清晰行,image,扫描枪.jpg,数码网报价单-0705更新/其它/扫描枪.jpg,1,1.0,visual_verified_from_uploaded_image
294ee881a448e40a,2026-07-05,其它,扫描枪,德邦,扫描枪,DPK3BP,,,开机屏坏,110,元/个,来源图表可辨识；仅录入清晰行,image,扫描枪.jpg,数码网报价单-0705更新/其它/扫描枪.jpg,1,1.0,visual_verified_from_uploaded_image
c6ad9e2171d9604f,2026-07-05,其它,扫描枪,德邦,扫描枪,DPK3BP,,,不开机,25,元/个,来源图表可辨识；仅录入清晰行,image,扫描枪.jpg,数码网报价单-0705更新/其它/扫描枪.jpg,1,1.0,visual_verified_from_uploaded_image
27fd33ac92bed971,2026-07-05,其它,扫描枪,德邦,扫描枪,DPK3BP,,,进水生锈,25,元/个,来源图表可辨识；仅录入清晰行,image,扫描枪.jpg,数码网报价单-0705更新/其它/扫描枪.jpg,1,1.0,visual_verified_from_uploaded_image
0e46264d16675eb0,2026-07-05,其它,扫描枪,凯立,扫描枪,K7,,,开机屏好,20,元/个,来源图表可辨识；仅录入清晰行,image,扫描枪.jpg,数码网报价单-0705更新/其它/扫描枪.jpg,1,1.0,visual_verified_from_uploaded_image
caf80e3ffe957f27,2026-07-05,其它,扫描枪,凯立,扫描枪,K7,,,开机屏坏,20,元/个,来源图表可辨识；仅录入清晰行,image,扫描枪.jpg,数码网报价单-0705更新/其它/扫描枪.jpg,1,1.0,visual_verified_from_uploaded_image
e81ec9bb28732784,2026-07-05,其它,扫描枪,凯立,扫描枪,K7,,,不开机,20,元/个,来源图表可辨识；仅录入清晰行,image,扫描枪.jpg,数码网报价单-0705更新/其它/扫描枪.jpg,1,1.0,visual_verified_from_uploaded_image
22ccb73647e5d6bf,2026-07-05,其它,扫描枪,凯立,扫描枪,K7,,,进水生锈,20,元/个,来源图表可辨识；仅录入清晰行,image,扫描枪.jpg,数码网报价单-0705更新/其它/扫描枪.jpg,1,1.0,visual_verified_from_uploaded_image
1d0f606d61d0a76f,2026-07-05,其它,扫描枪,智联天地,扫描枪,N5S高版本,,,开机屏好,20,元/个,来源图表可辨识；仅录入清晰行,image,扫描枪.jpg,数码网报价单-0705更新/其它/扫描枪.jpg,1,1.0,visual_verified_from_uploaded_image
9a6477fa88939012,2026-07-05,其它,扫描枪,智联天地,扫描枪,N5S高版本,,,开机屏坏,20,元/个,来源图表可辨识；仅录入清晰行,image,扫描枪.jpg,数码网报价单-0705更新/其它/扫描枪.jpg,1,1.0,visual_verified_from_uploaded_image
0725fc56a5c33aa3,2026-07-05,其它,扫描枪,智联天地,扫描枪,N5S高版本,,,不开机,20,元/个,来源图表可辨识；仅录入清晰行,image,扫描枪.jpg,数码网报价单-0705更新/其它/扫描枪.jpg,1,1.0,visual_verified_from_uploaded_image
bc3384f8b140ef29,2026-07-05,其它,扫描枪,智联天地,扫描枪,N5S高版本,,,进水生锈,20,元/个,来源图表可辨识；仅录入清晰行,image,扫描枪.jpg,数码网报价单-0705更新/其它/扫描枪.jpg,1,1.0,visual_verified_from_uploaded_image
ea033810db83de6f,2026-07-05,其它,扫描枪,智联天地,扫描枪,N5S低版本,,,开机屏好,20,元/个,来源图表可辨识；仅录入清晰行,image,扫描枪.jpg,数码网报价单-0705更新/其它/扫描枪.jpg,1,1.0,visual_verified_from_uploaded_image
443e275613f08b45,2026-07-05,其它,扫描枪,智联天地,扫描枪,N5S低版本,,,开机屏坏,20,元/个,来源图表可辨识；仅录入清晰行,image,扫描枪.jpg,数码网报价单-0705更新/其它/扫描枪.jpg,1,1.0,visual_verified_from_uploaded_image
0d517f02a5db63fe,2026-07-05,其它,扫描枪,智联天地,扫描枪,N5S低版本,,,不开机,20,元/个,来源图表可辨识；仅录入清晰行,image,扫描枪.jpg,数码网报价单-0705更新/其它/扫描枪.jpg,1,1.0,visual_verified_from_uploaded_image
a84efa53a591a588,2026-07-05,其它,扫描枪,智联天地,扫描枪,N5S低版本,,,进水生锈,20,元/个,来源图表可辨识；仅录入清晰行,image,扫描枪.jpg,数码网报价单-0705更新/其它/扫描枪.jpg,1,1.0,visual_verified_from_uploaded_image
2a80f6f977fa5ee8,2026-07-05,其它,扫描枪,,扫描枪,st327v6a337,,,开机屏好,180,元/个,来源图表可辨识；仅录入清晰行,image,扫描枪.jpg,数码网报价单-0705更新/其它/扫描枪.jpg,1,1.0,visual_verified_from_uploaded_image
005412fb6a144e43,2026-07-05,其它,扫描枪,,扫描枪,st327v6a337,,,开机屏坏,80,元/个,来源图表可辨识；仅录入清晰行,image,扫描枪.jpg,数码网报价单-0705更新/其它/扫描枪.jpg,1,1.0,visual_verified_from_uploaded_image
a45991a412f09258,2026-07-05,其它,扫描枪,,扫描枪,st327v6a337,,,不开机,15,元/个,来源图表可辨识；仅录入清晰行,image,扫描枪.jpg,数码网报价单-0705更新/其它/扫描枪.jpg,1,1.0,visual_verified_from_uploaded_image
bf0a7a8d6cb80577,2026-07-05,其它,扫描枪,,扫描枪,st327v6a337,,,进水生锈,15,元/个,来源图表可辨识；仅录入清晰行,image,扫描枪.jpg,数码网报价单-0705更新/其它/扫描枪.jpg,1,1.0,visual_verified_from_uploaded_image
a1b87c4b814bd765,2026-07-05,其它,扫描枪,识米,扫描枪,M2,,,开机屏好,20,元/个,来源图表可辨识；仅录入清晰行,image,扫描枪.jpg,数码网报价单-0705更新/其它/扫描枪.jpg,1,1.0,visual_verified_from_uploaded_image
8637dd1fc6bc46c2,2026-07-05,其它,扫描枪,识米,扫描枪,M2,,,开机屏坏,20,元/个,来源图表可辨识；仅录入清晰行,image,扫描枪.jpg,数码网报价单-0705更新/其它/扫描枪.jpg,1,1.0,visual_verified_from_uploaded_image
abed38b20705d032,2026-07-05,其它,扫描枪,识米,扫描枪,M2,,,不开机,20,元/个,来源图表可辨识；仅录入清晰行,image,扫描枪.jpg,数码网报价单-0705更新/其它/扫描枪.jpg,1,1.0,visual_verified_from_uploaded_image
ddbdd52090fe0027,2026-07-05,其它,扫描枪,识米,扫描枪,M2,,,进水生锈,20,元/个,来源图表可辨识；仅录入清晰行,image,扫描枪.jpg,数码网报价单-0705更新/其它/扫描枪.jpg,1,1.0,visual_verified_from_uploaded_image
a4cd205598704a84,2026-07-05,其它,扫描枪,优博讯,扫描枪,i6310a 64G,,,开机屏好,70,元/个,来源图表可辨识；仅录入清晰行,image,扫描枪.jpg,数码网报价单-0705更新/其它/扫描枪.jpg,1,1.0,visual_verified_from_uploaded_image
8884564fdfc0e837,2026-07-05,其它,扫描枪,优博讯,扫描枪,i6310a 64G,,,开机屏坏,60,元/个,来源图表可辨识；仅录入清晰行,image,扫描枪.jpg,数码网报价单-0705更新/其它/扫描枪.jpg,1,1.0,visual_verified_from_uploaded_image
e87224a7f8aa8e45,2026-07-05,其它,扫描枪,优博讯,扫描枪,i6310a 64G,,,不开机,40,元/个,来源图表可辨识；仅录入清晰行,image,扫描枪.jpg,数码网报价单-0705更新/其它/扫描枪.jpg,1,1.0,visual_verified_from_uploaded_image
94aa7a1d8a8a5035,2026-07-05,其它,扫描枪,优博讯,扫描枪,i6310a 64G,,,进水生锈,40,元/个,来源图表可辨识；仅录入清晰行,image,扫描枪.jpg,数码网报价单-0705更新/其它/扫描枪.jpg,1,1.0,visual_verified_from_uploaded_image
7773f194fa42129e,2026-07-05,其它,扫描枪,优博讯,扫描枪,i6310a 16G,,,开机屏好,50,元/个,来源图表可辨识；仅录入清晰行,image,扫描枪.jpg,数码网报价单-0705更新/其它/扫描枪.jpg,1,1.0,visual_verified_from_uploaded_image
a02f34746bfa38bb,2026-07-05,其它,扫描枪,优博讯,扫描枪,i6310a 16G,,,开机屏坏,25,元/个,来源图表可辨识；仅录入清晰行,image,扫描枪.jpg,数码网报价单-0705更新/其它/扫描枪.jpg,1,1.0,visual_verified_from_uploaded_image
b9a1799ab007ab43,2026-07-05,其它,扫描枪,优博讯,扫描枪,i6310a 16G,,,不开机,20,元/个,来源图表可辨识；仅录入清晰行,image,扫描枪.jpg,数码网报价单-0705更新/其它/扫描枪.jpg,1,1.0,visual_verified_from_uploaded_image
c8bac63e869862cb,2026-07-05,其它,扫描枪,优博讯,扫描枪,i6310a 16G,,,进水生锈,20,元/个,来源图表可辨识；仅录入清晰行,image,扫描枪.jpg,数码网报价单-0705更新/其它/扫描枪.jpg,1,1.0,visual_verified_from_uploaded_image
3f76cce6cefb5406,2026-07-05,其它,扫描枪,商米,扫描枪,L2S无扫描头,,,开机屏好,20,元/个,来源图表可辨识；仅录入清晰行,image,扫描枪.jpg,数码网报价单-0705更新/其它/扫描枪.jpg,1,1.0,visual_verified_from_uploaded_image
5ea277f461431ee9,2026-07-05,其它,扫描枪,商米,扫描枪,L2S无扫描头,,,开机屏坏,20,元/个,来源图表可辨识；仅录入清晰行,image,扫描枪.jpg,数码网报价单-0705更新/其它/扫描枪.jpg,1,1.0,visual_verified_from_uploaded_image
f277925a14de58dd,2026-07-05,其它,扫描枪,商米,扫描枪,L2S无扫描头,,,不开机,20,元/个,来源图表可辨识；仅录入清晰行,image,扫描枪.jpg,数码网报价单-0705更新/其它/扫描枪.jpg,1,1.0,visual_verified_from_uploaded_image
d93d4df46db8307f,2026-07-05,其它,扫描枪,商米,扫描枪,L2S无扫描头,,,进水生锈,20,元/个,来源图表可辨识；仅录入清晰行,image,扫描枪.jpg,数码网报价单-0705更新/其它/扫描枪.jpg,1,1.0,visual_verified_from_uploaded_image
8eccdc8bbf310fd9,2026-07-05,其它,扫描枪,商米,扫描枪,L2,,,开机屏好,30,元/个,来源图表可辨识；仅录入清晰行,image,扫描枪.jpg,数码网报价单-0705更新/其它/扫描枪.jpg,1,1.0,visual_verified_from_uploaded_image
af3b2b9cd47c0aad,2026-07-05,其它,扫描枪,商米,扫描枪,L2,,,开机屏坏,20,元/个,来源图表可辨识；仅录入清晰行,image,扫描枪.jpg,数码网报价单-0705更新/其它/扫描枪.jpg,1,1.0,visual_verified_from_uploaded_image
e08d7c28191147ef,2026-07-05,其它,扫描枪,商米,扫描枪,L2,,,不开机,20,元/个,来源图表可辨识；仅录入清晰行,image,扫描枪.jpg,数码网报价单-0705更新/其它/扫描枪.jpg,1,1.0,visual_verified_from_uploaded_image
ee3c418dd56ff4ce,2026-07-05,其它,扫描枪,商米,扫描枪,L2,,,进水生锈,20,元/个,来源图表可辨识；仅录入清晰行,image,扫描枪.jpg,数码网报价单-0705更新/其它/扫描枪.jpg,1,1.0,visual_verified_from_uploaded_image
401896c0f2b9584c,2026-07-05,其它,扫描枪,中通极客,扫描枪,X9,,,开机屏好,30,元/个,来源图表可辨识；仅录入清晰行,image,扫描枪.jpg,数码网报价单-0705更新/其它/扫描枪.jpg,1,1.0,visual_verified_from_uploaded_image
7d0787f20f9504ce,2026-07-05,其它,扫描枪,中通极客,扫描枪,X9,,,开机屏坏,20,元/个,来源图表可辨识；仅录入清晰行,image,扫描枪.jpg,数码网报价单-0705更新/其它/扫描枪.jpg,1,1.0,visual_verified_from_uploaded_image
cb7a7b11eccd4150,2026-07-05,其它,扫描枪,中通极客,扫描枪,X9,,,不开机,20,元/个,来源图表可辨识；仅录入清晰行,image,扫描枪.jpg,数码网报价单-0705更新/其它/扫描枪.jpg,1,1.0,visual_verified_from_uploaded_image
5d4bc1285962939c,2026-07-05,其它,扫描枪,中通极客,扫描枪,X9,,,进水生锈,20,元/个,来源图表可辨识；仅录入清晰行,image,扫描枪.jpg,数码网报价单-0705更新/其它/扫描枪.jpg,1,1.0,visual_verified_from_uploaded_image
0cdefa97a79a309b,2026-07-05,其它,扫描枪,肖邦,扫描枪,X8AT,,,开机屏好,10,元/个,来源图表可辨识；仅录入清晰行,image,扫描枪.jpg,数码网报价单-0705更新/其它/扫描枪.jpg,1,1.0,visual_verified_from_uploaded_image
876bb4cfa7c241f6,2026-07-05,其它,扫描枪,肖邦,扫描枪,X8AT,,,开机屏坏,10,元/个,来源图表可辨识；仅录入清晰行,image,扫描枪.jpg,数码网报价单-0705更新/其它/扫描枪.jpg,1,1.0,visual_verified_from_uploaded_image
0ef998c1a15970bb,2026-07-05,其它,扫描枪,肖邦,扫描枪,X8AT,,,不开机,10,元/个,来源图表可辨识；仅录入清晰行,image,扫描枪.jpg,数码网报价单-0705更新/其它/扫描枪.jpg,1,1.0,visual_verified_from_uploaded_image
70039cc4eaa2495e,2026-07-05,其它,扫描枪,肖邦,扫描枪,X8AT,,,进水生锈,10,元/个,来源图表可辨识；仅录入清晰行,image,扫描枪.jpg,数码网报价单-0705更新/其它/扫描枪.jpg,1,1.0,visual_verified_from_uploaded_image
2b7f17cdf99b675c,2026-07-05,其它,扫描枪,智联天地,扫描枪,N7e,,,开机屏好,10,元/个,来源图表可辨识；仅录入清晰行,image,扫描枪.jpg,数码网报价单-0705更新/其它/扫描枪.jpg,1,1.0,visual_verified_from_uploaded_image
010b8f8e342fdf9e,2026-07-05,其它,扫描枪,智联天地,扫描枪,N7e,,,开机屏坏,10,元/个,来源图表可辨识；仅录入清晰行,image,扫描枪.jpg,数码网报价单-0705更新/其它/扫描枪.jpg,1,1.0,visual_verified_from_uploaded_image
3734a1a008d19a11,2026-07-05,其它,扫描枪,智联天地,扫描枪,N7e,,,不开机,10,元/个,来源图表可辨识；仅录入清晰行,image,扫描枪.jpg,数码网报价单-0705更新/其它/扫描枪.jpg,1,1.0,visual_verified_from_uploaded_image
45dd7049fbb53baf,2026-07-05,其它,扫描枪,智联天地,扫描枪,N7e,,,进水生锈,10,元/个,来源图表可辨识；仅录入清晰行,image,扫描枪.jpg,数码网报价单-0705更新/其它/扫描枪.jpg,1,1.0,visual_verified_from_uploaded_image
764b74438ff5287f,2026-07-05,其它,扫描枪,盒马生鲜,扫描枪,M1,,,开机屏好,10,元/个,来源图表可辨识；仅录入清晰行,image,扫描枪.jpg,数码网报价单-0705更新/其它/扫描枪.jpg,1,1.0,visual_verified_from_uploaded_image
44df2d44e3733ef0,2026-07-05,其它,扫描枪,盒马生鲜,扫描枪,M1,,,开机屏坏,10,元/个,来源图表可辨识；仅录入清晰行,image,扫描枪.jpg,数码网报价单-0705更新/其它/扫描枪.jpg,1,1.0,visual_verified_from_uploaded_image
0a521d41042ffeb5,2026-07-05,其它,扫描枪,盒马生鲜,扫描枪,M1,,,不开机,10,元/个,来源图表可辨识；仅录入清晰行,image,扫描枪.jpg,数码网报价单-0705更新/其它/扫描枪.jpg,1,1.0,visual_verified_from_uploaded_image
17f5942e3f449286,2026-07-05,其它,扫描枪,盒马生鲜,扫描枪,M1,,,进水生锈,10,元/个,来源图表可辨识；仅录入清晰行,image,扫描枪.jpg,数码网报价单-0705更新/其它/扫描枪.jpg,1,1.0,visual_verified_from_uploaded_image
8d3ff041aa1f4b4c,2026-07-05,其它,扫描枪,,点数系列,杂牌扫描枪,,,点数,13,元/个,,image,扫描枪.jpg,数码网报价单-0705更新/其它/扫描枪.jpg,1,1.0,visual_verified_from_uploaded_image
de0c3362752a501d,2026-07-05,其它,POS,,POS机型号系列,sunmi v2pro,,,开机屏好,25,元/台,,image,POS机.jpg,数码网报价单-0705更新/5.其它/POS机.jpg,1,1.0,visual_verified_from_uploaded_image
0b1567c7eb4bd7f4,2026-07-05,其它,POS,,POS机型号系列,sunmi v2pro,,,屏坏,25,元/台,,image,POS机.jpg,数码网报价单-0705更新/5.其它/POS机.jpg,1,1.0,visual_verified_from_uploaded_image
8e8f03b2de173f18,2026-07-05,其它,POS,,POS机型号系列,sunmi v2pro,,,不开机,25,元/台,,image,POS机.jpg,数码网报价单-0705更新/5.其它/POS机.jpg,1,1.0,visual_verified_from_uploaded_image
0d3fcf659c8c2d18,2026-07-05,其它,POS,,POS机型号系列,sunmi v2pro,,,废板-整机,25,元/台,,image,POS机.jpg,数码网报价单-0705更新/5.其它/POS机.jpg,1,1.0,visual_verified_from_uploaded_image
80f04ae08424205a,2026-07-05,其它,POS,,POS机型号系列,sunmi v2s,,,开机屏好,35,元/台,,image,POS机.jpg,数码网报价单-0705更新/5.其它/POS机.jpg,1,1.0,visual_verified_from_uploaded_image
2298fdd856e1beac,2026-07-05,其它,POS,,POS机型号系列,sunmi v2s,,,屏坏,25,元/台,,image,POS机.jpg,数码网报价单-0705更新/5.其它/POS机.jpg,1,1.0,visual_verified_from_uploaded_image
6e801c745d3ea20c,2026-07-05,其它,POS,,POS机型号系列,sunmi v2s,,,不开机,25,元/台,,image,POS机.jpg,数码网报价单-0705更新/5.其它/POS机.jpg,1,1.0,visual_verified_from_uploaded_image
44ef50e76b4f4e31,2026-07-05,其它,POS,,POS机型号系列,sunmi v2s,,,废板-整机,25,元/台,,image,POS机.jpg,数码网报价单-0705更新/5.其它/POS机.jpg,1,1.0,visual_verified_from_uploaded_image
58704b0145f37fee,2026-07-05,其它,POS,,POS机型号系列,sunmi v2,,,开机屏好,80,元/台,,image,POS机.jpg,数码网报价单-0705更新/5.其它/POS机.jpg,1,1.0,visual_verified_from_uploaded_image
b6ac2a36730f603f,2026-07-05,其它,POS,,POS机型号系列,sunmi v2,,,屏坏,30,元/台,,image,POS机.jpg,数码网报价单-0705更新/5.其它/POS机.jpg,1,1.0,visual_verified_from_uploaded_image
ac58afd44a680f12,2026-07-05,其它,POS,,POS机型号系列,sunmi v2,,,不开机,10,元/台,,image,POS机.jpg,数码网报价单-0705更新/5.其它/POS机.jpg,1,1.0,visual_verified_from_uploaded_image
1394c410ee73e9d8,2026-07-05,其它,POS,,POS机型号系列,sunmi v2,,,废板-整机,8,元/台,,image,POS机.jpg,数码网报价单-0705更新/5.其它/POS机.jpg,1,1.0,visual_verified_from_uploaded_image
5f676d05e40284b5,2026-07-05,其它,POS,,POS机型号系列,商米P2,,,开机屏好,35,元/台,,image,POS机.jpg,数码网报价单-0705更新/5.其它/POS机.jpg,1,1.0,visual_verified_from_uploaded_image
2a63b74f89c9ffd2,2026-07-05,其它,POS,,POS机型号系列,商米P2,,,屏坏,25,元/台,,image,POS机.jpg,数码网报价单-0705更新/5.其它/POS机.jpg,1,1.0,visual_verified_from_uploaded_image
f49bb9d76cf7b30a,2026-07-05,其它,POS,,POS机型号系列,商米P2,,,不开机,25,元/台,,image,POS机.jpg,数码网报价单-0705更新/5.其它/POS机.jpg,1,1.0,visual_verified_from_uploaded_image
ee711d170dc94b0f,2026-07-05,其它,POS,,POS机型号系列,商米P2,,,废板-整机,8,元/台,,image,POS机.jpg,数码网报价单-0705更新/5.其它/POS机.jpg,1,1.0,visual_verified_from_uploaded_image
51c822643e501e6f,2026-07-05,其它,POS,,POS机型号系列,W 5920/US,,,开机屏好,35,元/台,,image,POS机.jpg,数码网报价单-0705更新/5.其它/POS机.jpg,1,1.0,visual_verified_from_uploaded_image
a1c9eb2ce135d16c,2026-07-05,其它,POS,,POS机型号系列,W 5920/US,,,屏坏,25,元/台,,image,POS机.jpg,数码网报价单-0705更新/5.其它/POS机.jpg,1,1.0,visual_verified_from_uploaded_image
617554973bcb3e0a,2026-07-05,其它,POS,,POS机型号系列,W 5920/US,,,不开机,25,元/台,,image,POS机.jpg,数码网报价单-0705更新/5.其它/POS机.jpg,1,1.0,visual_verified_from_uploaded_image
dcc34a9135a76c1e,2026-07-05,其它,POS,,POS机型号系列,W 5920/US,,,废板-整机,8,元/台,,image,POS机.jpg,数码网报价单-0705更新/5.其它/POS机.jpg,1,1.0,visual_verified_from_uploaded_image
6ae2be1c4c918767,2026-07-05,其它,POS,,POS机型号系列,W 6900/p1,,,开机屏好,20,元/台,,image,POS机.jpg,数码网报价单-0705更新/5.其它/POS机.jpg,1,1.0,visual_verified_from_uploaded_image
e71dd9947ef1c51c,2026-07-05,其它,POS,,POS机型号系列,W 6900/p1,,,屏坏,20,元/台,,image,POS机.jpg,数码网报价单-0705更新/5.其它/POS机.jpg,1,1.0,visual_verified_from_uploaded_image
ad1d7a673a5b43a7,2026-07-05,其它,POS,,POS机型号系列,W 6900/p1,,,不开机,20,元/台,,image,POS机.jpg,数码网报价单-0705更新/5.其它/POS机.jpg,1,1.0,visual_verified_from_uploaded_image
1a39a2b06a43b49c,2026-07-05,其它,POS,,POS机型号系列,W 6900/p1,,,废板-整机,8,元/台,,image,POS机.jpg,数码网报价单-0705更新/5.其它/POS机.jpg,1,1.0,visual_verified_from_uploaded_image
92e5a617d427fa05,2026-07-05,其它,POS,,POS机型号系列,S90蓝色（OGO移动）,,,开机屏好,13,元/台,,image,POS机.jpg,数码网报价单-0705更新/5.其它/POS机.jpg,1,1.0,visual_verified_from_uploaded_image
e5a3cf568c021dbf,2026-07-05,其它,POS,,POS机型号系列,S90蓝色（OGO移动）,,,屏坏,13,元/台,,image,POS机.jpg,数码网报价单-0705更新/5.其它/POS机.jpg,1,1.0,visual_verified_from_uploaded_image
ffb44876f92c50ae,2026-07-05,其它,POS,,POS机型号系列,S90蓝色（OGO移动）,,,不开机,13,元/台,,image,POS机.jpg,数码网报价单-0705更新/5.其它/POS机.jpg,1,1.0,visual_verified_from_uploaded_image
666ec9d41f152ac6,2026-07-05,其它,POS,,POS机型号系列,S90蓝色（OGO移动）,,,废板-整机,13,元/台,,image,POS机.jpg,数码网报价单-0705更新/5.其它/POS机.jpg,1,1.0,visual_verified_from_uploaded_image
a2fa9639902ea090,2026-07-05,其它,POS,,POS机型号系列,S90蓝色（MCO电信）,,,开机屏好,13,元/台,,image,POS机.jpg,数码网报价单-0705更新/5.其它/POS机.jpg,1,1.0,visual_verified_from_uploaded_image
baa04d403963fbd9,2026-07-05,其它,POS,,POS机型号系列,S90蓝色（MCO电信）,,,屏坏,13,元/台,,image,POS机.jpg,数码网报价单-0705更新/5.其它/POS机.jpg,1,1.0,visual_verified_from_uploaded_image
1d7bebbd5d9050a2,2026-07-05,其它,POS,,POS机型号系列,S90蓝色（MCO电信）,,,不开机,13,元/台,,image,POS机.jpg,数码网报价单-0705更新/5.其它/POS机.jpg,1,1.0,visual_verified_from_uploaded_image
0828aadbf2b8f6ab,2026-07-05,其它,POS,,POS机型号系列,S90蓝色（MCO电信）,,,废板-整机,13,元/台,,image,POS机.jpg,数码网报价单-0705更新/5.其它/POS机.jpg,1,1.0,visual_verified_from_uploaded_image
15d0ad9b841ee42a,2026-07-05,其它,POS,,POS机型号系列,S910（S/N7开头大仓）,,,开机屏好,13,元/台,,image,POS机.jpg,数码网报价单-0705更新/5.其它/POS机.jpg,1,1.0,visual_verified_from_uploaded_image
86f3c33e7133133c,2026-07-05,其它,POS,,POS机型号系列,S910（S/N7开头大仓）,,,屏坏,13,元/台,,image,POS机.jpg,数码网报价单-0705更新/5.其它/POS机.jpg,1,1.0,visual_verified_from_uploaded_image
995070986e34032d,2026-07-05,其它,POS,,POS机型号系列,S910（S/N7开头大仓）,,,不开机,13,元/台,,image,POS机.jpg,数码网报价单-0705更新/5.其它/POS机.jpg,1,1.0,visual_verified_from_uploaded_image
7cdc9441689afb1f,2026-07-05,其它,POS,,POS机型号系列,S910（S/N7开头大仓）,,,废板-整机,13,元/台,,image,POS机.jpg,数码网报价单-0705更新/5.其它/POS机.jpg,1,1.0,visual_verified_from_uploaded_image
91d639cc9daf8497,2026-07-05,其它,POS,,POS机型号系列,S910（S/N7开头小仓）,,,开机屏好,13,元/台,,image,POS机.jpg,数码网报价单-0705更新/5.其它/POS机.jpg,1,1.0,visual_verified_from_uploaded_image
10dcc304ae4c2bef,2026-07-05,其它,POS,,POS机型号系列,S910（S/N7开头小仓）,,,屏坏,13,元/台,,image,POS机.jpg,数码网报价单-0705更新/5.其它/POS机.jpg,1,1.0,visual_verified_from_uploaded_image
74e0a4d869eb2127,2026-07-05,其它,POS,,POS机型号系列,S910（S/N7开头小仓）,,,不开机,13,元/台,,image,POS机.jpg,数码网报价单-0705更新/5.其它/POS机.jpg,1,1.0,visual_verified_from_uploaded_image
d392b90710dbdafe,2026-07-05,其它,POS,,POS机型号系列,S910（S/N7开头小仓）,,,废板-整机,13,元/台,,image,POS机.jpg,数码网报价单-0705更新/5.其它/POS机.jpg,1,1.0,visual_verified_from_uploaded_image
5f0c0841c74180d4,2026-07-05,其它,POS,,POS机型号系列,S910（S/N0开头）,,,开机屏好,13,元/台,,image,POS机.jpg,数码网报价单-0705更新/5.其它/POS机.jpg,1,1.0,visual_verified_from_uploaded_image
43c3f1028e4c89ad,2026-07-05,其它,POS,,POS机型号系列,S910（S/N0开头）,,,屏坏,13,元/台,,image,POS机.jpg,数码网报价单-0705更新/5.其它/POS机.jpg,1,1.0,visual_verified_from_uploaded_image
35edc75febc1e44b,2026-07-05,其它,POS,,POS机型号系列,S910（S/N0开头）,,,不开机,13,元/台,,image,POS机.jpg,数码网报价单-0705更新/5.其它/POS机.jpg,1,1.0,visual_verified_from_uploaded_image
eea6bb0401e27305,2026-07-05,其它,POS,,POS机型号系列,S910（S/N0开头）,,,废板-整机,13,元/台,,image,POS机.jpg,数码网报价单-0705更新/5.其它/POS机.jpg,1,1.0,visual_verified_from_uploaded_image
8e614a12a9bebfe8,2026-07-05,其它,POS,,POS机型号系列,A920白色,,,开机屏好,15,元/台,,image,POS机.jpg,数码网报价单-0705更新/5.其它/POS机.jpg,1,1.0,visual_verified_from_uploaded_image
e15cbaeb47f471f0,2026-07-05,其它,POS,,POS机型号系列,A920白色,,,屏坏,15,元/台,,image,POS机.jpg,数码网报价单-0705更新/5.其它/POS机.jpg,1,1.0,visual_verified_from_uploaded_image
872ae7386731e7f3,2026-07-05,其它,POS,,POS机型号系列,A920白色,,,不开机,15,元/台,,image,POS机.jpg,数码网报价单-0705更新/5.其它/POS机.jpg,1,1.0,visual_verified_from_uploaded_image
fc9cc325e773494d,2026-07-05,其它,POS,,POS机型号系列,A920白色,,,废板-整机,8,元/台,,image,POS机.jpg,数码网报价单-0705更新/5.其它/POS机.jpg,1,1.0,visual_verified_from_uploaded_image
09b9388eeee4b674,2026-07-05,其它,POS,,POS机型号系列,A8,,,开机屏好,20,元/台,,image,POS机.jpg,数码网报价单-0705更新/5.其它/POS机.jpg,1,1.0,visual_verified_from_uploaded_image
1d4840f63b3e62d4,2026-07-05,其它,POS,,POS机型号系列,A8,,,屏坏,15,元/台,,image,POS机.jpg,数码网报价单-0705更新/5.其它/POS机.jpg,1,1.0,visual_verified_from_uploaded_image
88b80b978d424eb1,2026-07-05,其它,POS,,POS机型号系列,A8,,,不开机,15,元/台,,image,POS机.jpg,数码网报价单-0705更新/5.其它/POS机.jpg,1,1.0,visual_verified_from_uploaded_image
11e9162996239777,2026-07-05,其它,POS,,POS机型号系列,A8,,,废板-整机,8,元/台,,image,POS机.jpg,数码网报价单-0705更新/5.其它/POS机.jpg,1,1.0,visual_verified_from_uploaded_image
871ef3b9d84e42a7,2026-07-05,其它,POS,,POS机型号系列,8210,,,开机屏好,13,元/台,,image,POS机.jpg,数码网报价单-0705更新/5.其它/POS机.jpg,1,1.0,visual_verified_from_uploaded_image
740452ed1eeb55e0,2026-07-05,其它,POS,,POS机型号系列,8210,,,屏坏,13,元/台,,image,POS机.jpg,数码网报价单-0705更新/5.其它/POS机.jpg,1,1.0,visual_verified_from_uploaded_image
77d6ed46a6741b73,2026-07-05,其它,POS,,POS机型号系列,8210,,,不开机,13,元/台,,image,POS机.jpg,数码网报价单-0705更新/5.其它/POS机.jpg,1,1.0,visual_verified_from_uploaded_image
4ce464b3fa5e3754,2026-07-05,其它,POS,,POS机型号系列,8210,,,废板-整机,13,元/台,,image,POS机.jpg,数码网报价单-0705更新/5.其它/POS机.jpg,1,1.0,visual_verified_from_uploaded_image
b449f20b3d28b80e,2026-07-05,其它,POS,,POS机型号系列,7210,,,开机屏好,13,元/台,,image,POS机.jpg,数码网报价单-0705更新/5.其它/POS机.jpg,1,1.0,visual_verified_from_uploaded_image
c05ad3b9d035cd10,2026-07-05,其它,POS,,POS机型号系列,7210,,,屏坏,13,元/台,,image,POS机.jpg,数码网报价单-0705更新/5.其它/POS机.jpg,1,1.0,visual_verified_from_uploaded_image
0916184524a89404,2026-07-05,其它,POS,,POS机型号系列,7210,,,不开机,13,元/台,,image,POS机.jpg,数码网报价单-0705更新/5.其它/POS机.jpg,1,1.0,visual_verified_from_uploaded_image
dbbc135dfcc8e283,2026-07-05,其它,POS,,POS机型号系列,7210,,,废板-整机,13,元/台,,image,POS机.jpg,数码网报价单-0705更新/5.其它/POS机.jpg,1,1.0,visual_verified_from_uploaded_image
2580ece0e7493741,2026-07-05,其它,POS,,POS机型号系列,大屏触摸POS机,,,开机屏好,20,元/台,,image,POS机.jpg,数码网报价单-0705更新/5.其它/POS机.jpg,1,1.0,visual_verified_from_uploaded_image
fa24c9107e43edd7,2026-07-05,其它,POS,,POS机型号系列,大屏触摸POS机,,,屏坏,15,元/台,,image,POS机.jpg,数码网报价单-0705更新/5.其它/POS机.jpg,1,1.0,visual_verified_from_uploaded_image
3a337d008477087c,2026-07-05,其它,POS,,POS机型号系列,大屏触摸POS机,,,不开机,15,元/台,,image,POS机.jpg,数码网报价单-0705更新/5.其它/POS机.jpg,1,1.0,visual_verified_from_uploaded_image
40fab5e3e13f7cb6,2026-07-05,其它,POS,,POS机型号系列,大屏触摸POS机,,,废板-整机,8,元/台,,image,POS机.jpg,数码网报价单-0705更新/5.其它/POS机.jpg,1,1.0,visual_verified_from_uploaded_image
fb7d101cf5bab2ee,2026-07-05,其它,POS,,POS机型号系列,新款D210,,,开机屏好,15,元/台,,image,POS机.jpg,数码网报价单-0705更新/5.其它/POS机.jpg,1,1.0,visual_verified_from_uploaded_image
f89e1e21655b9416,2026-07-05,其它,POS,,POS机型号系列,新款D210,,,屏坏,10,元/台,,image,POS机.jpg,数码网报价单-0705更新/5.其它/POS机.jpg,1,1.0,visual_verified_from_uploaded_image
8e4616c193af1c7c,2026-07-05,其它,POS,,POS机型号系列,新款D210,,,不开机,10,元/台,,image,POS机.jpg,数码网报价单-0705更新/5.其它/POS机.jpg,1,1.0,visual_verified_from_uploaded_image
3b36bd1f06519a9b,2026-07-05,其它,POS,,POS机型号系列,新款D210,,,废板-整机,8,元/台,,image,POS机.jpg,数码网报价单-0705更新/5.其它/POS机.jpg,1,1.0,visual_verified_from_uploaded_image
49ee857faa7bac8c,2026-07-05,其它,POS,,POS机型号系列,新国都G3,,,开机屏好,13,元/台,,image,POS机.jpg,数码网报价单-0705更新/5.其它/POS机.jpg,1,1.0,visual_verified_from_uploaded_image
4e53d9ad96360395,2026-07-05,其它,POS,,POS机型号系列,新国都G3,,,屏坏,13,元/台,,image,POS机.jpg,数码网报价单-0705更新/5.其它/POS机.jpg,1,1.0,visual_verified_from_uploaded_image
81e92f7c92a56aef,2026-07-05,其它,POS,,POS机型号系列,新国都G3,,,不开机,13,元/台,,image,POS机.jpg,数码网报价单-0705更新/5.其它/POS机.jpg,1,1.0,visual_verified_from_uploaded_image
dd5d9e8d52cbc7e5,2026-07-05,其它,POS,,POS机型号系列,新国都G3,,,废板-整机,13,元/台,,image,POS机.jpg,数码网报价单-0705更新/5.其它/POS机.jpg,1,1.0,visual_verified_from_uploaded_image
8a55e8df95e702e6,2026-07-05,其它,POS,,POS机型号系列,VX680,,,开机屏好,13,元/台,,image,POS机.jpg,数码网报价单-0705更新/5.其它/POS机.jpg,1,1.0,visual_verified_from_uploaded_image
4b1c4e23f1ef8ce5,2026-07-05,其它,POS,,POS机型号系列,VX680,,,屏坏,13,元/台,,image,POS机.jpg,数码网报价单-0705更新/5.其它/POS机.jpg,1,1.0,visual_verified_from_uploaded_image
da13874bf06f775d,2026-07-05,其它,POS,,POS机型号系列,VX680,,,不开机,13,元/台,,image,POS机.jpg,数码网报价单-0705更新/5.其它/POS机.jpg,1,1.0,visual_verified_from_uploaded_image
2949f28d271438ce,2026-07-05,其它,POS,,POS机型号系列,VX680,,,废板-整机,13,元/台,,image,POS机.jpg,数码网报价单-0705更新/5.其它/POS机.jpg,1,1.0,visual_verified_from_uploaded_image
abcc9fd33fcfd311,2026-07-05,其它,POS,,POS机型号系列,VX675,,,开机屏好,13,元/台,,image,POS机.jpg,数码网报价单-0705更新/5.其它/POS机.jpg,1,1.0,visual_verified_from_uploaded_image
3a26dec47c99045b,2026-07-05,其它,POS,,POS机型号系列,VX675,,,屏坏,13,元/台,,image,POS机.jpg,数码网报价单-0705更新/5.其它/POS机.jpg,1,1.0,visual_verified_from_uploaded_image
3ecf4c4066e27fad,2026-07-05,其它,POS,,POS机型号系列,VX675,,,不开机,13,元/台,,image,POS机.jpg,数码网报价单-0705更新/5.其它/POS机.jpg,1,1.0,visual_verified_from_uploaded_image
52d328b406636618,2026-07-05,其它,POS,,POS机型号系列,VX675,,,废板-整机,13,元/台,,image,POS机.jpg,数码网报价单-0705更新/5.其它/POS机.jpg,1,1.0,visual_verified_from_uploaded_image
70774cf6563bf872,2026-07-05,其它,POS,,POS机型号系列,S90灰色,,,开机屏好,13,元/台,,image,POS机.jpg,数码网报价单-0705更新/5.其它/POS机.jpg,1,1.0,visual_verified_from_uploaded_image
133f448dc194f332,2026-07-05,其它,POS,,POS机型号系列,S90灰色,,,屏坏,13,元/台,,image,POS机.jpg,数码网报价单-0705更新/5.其它/POS机.jpg,1,1.0,visual_verified_from_uploaded_image
94409b4f70a5eba0,2026-07-05,其它,POS,,POS机型号系列,S90灰色,,,不开机,13,元/台,,image,POS机.jpg,数码网报价单-0705更新/5.其它/POS机.jpg,1,1.0,visual_verified_from_uploaded_image
bfd8367155490545,2026-07-05,其它,POS,,POS机型号系列,S90灰色,,,废板-整机,13,元/台,,image,POS机.jpg,数码网报价单-0705更新/5.其它/POS机.jpg,1,1.0,visual_verified_from_uploaded_image
c4bb3a74a2d89454,2026-07-05,其它,POS,,POS机型号系列,G2,,,开机屏好,13,元/台,,image,POS机.jpg,数码网报价单-0705更新/5.其它/POS机.jpg,1,1.0,visual_verified_from_uploaded_image
75044e7fe47597b0,2026-07-05,其它,POS,,POS机型号系列,G2,,,屏坏,13,元/台,,image,POS机.jpg,数码网报价单-0705更新/5.其它/POS机.jpg,1,1.0,visual_verified_from_uploaded_image
c9708374637280d7,2026-07-05,其它,POS,,POS机型号系列,G2,,,不开机,13,元/台,,image,POS机.jpg,数码网报价单-0705更新/5.其它/POS机.jpg,1,1.0,visual_verified_from_uploaded_image
3bf4c324d3b62a66,2026-07-05,其它,POS,,POS机型号系列,G2,,,废板-整机,13,元/台,,image,POS机.jpg,数码网报价单-0705更新/5.其它/POS机.jpg,1,1.0,visual_verified_from_uploaded_image
5aa5c2daf756523b,2026-07-05,其它,POS,,POS机型号系列,Me31,,,开机屏好,13,元/台,,image,POS机.jpg,数码网报价单-0705更新/5.其它/POS机.jpg,1,1.0,visual_verified_from_uploaded_image
907f7e27d3146a47,2026-07-05,其它,POS,,POS机型号系列,Me31,,,屏坏,13,元/台,,image,POS机.jpg,数码网报价单-0705更新/5.其它/POS机.jpg,1,1.0,visual_verified_from_uploaded_image
637d3f8a1668377a,2026-07-05,其它,POS,,POS机型号系列,Me31,,,不开机,13,元/台,,image,POS机.jpg,数码网报价单-0705更新/5.其它/POS机.jpg,1,1.0,visual_verified_from_uploaded_image
49bb8e1b158dd3c9,2026-07-05,其它,POS,,POS机型号系列,Me31,,,废板-整机,13,元/台,,image,POS机.jpg,数码网报价单-0705更新/5.其它/POS机.jpg,1,1.0,visual_verified_from_uploaded_image
b21898d5fa5cbc1e,2026-07-05,其它,POS,,POS机型号系列,MF90,,,开机屏好,9,元/台,,image,POS机.jpg,数码网报价单-0705更新/5.其它/POS机.jpg,1,1.0,visual_verified_from_uploaded_image
a6696cb79909b902,2026-07-05,其它,POS,,POS机型号系列,MF90,,,屏坏,9,元/台,,image,POS机.jpg,数码网报价单-0705更新/5.其它/POS机.jpg,1,1.0,visual_verified_from_uploaded_image
a10f91b9768ee1a5,2026-07-05,其它,POS,,POS机型号系列,MF90,,,不开机,9,元/台,,image,POS机.jpg,数码网报价单-0705更新/5.其它/POS机.jpg,1,1.0,visual_verified_from_uploaded_image
3516065768c488ca,2026-07-05,其它,POS,,POS机型号系列,MF90,,,废板-整机,8,元/台,,image,POS机.jpg,数码网报价单-0705更新/5.其它/POS机.jpg,1,1.0,visual_verified_from_uploaded_image
814786ef47929350,2026-07-05,其它,POS,,POS机型号系列,H9,,,开机屏好,9,元/台,,image,POS机.jpg,数码网报价单-0705更新/5.其它/POS机.jpg,1,1.0,visual_verified_from_uploaded_image
0e0c4f9f0a86053f,2026-07-05,其它,POS,,POS机型号系列,H9,,,屏坏,9,元/台,,image,POS机.jpg,数码网报价单-0705更新/5.其它/POS机.jpg,1,1.0,visual_verified_from_uploaded_image
b0610f20d00fb378,2026-07-05,其它,POS,,POS机型号系列,H9,,,不开机,9,元/台,,image,POS机.jpg,数码网报价单-0705更新/5.其它/POS机.jpg,1,1.0,visual_verified_from_uploaded_image
f90e5ecc73792a75,2026-07-05,其它,POS,,POS机型号系列,H9,,,废板-整机,8,元/台,,image,POS机.jpg,数码网报价单-0705更新/5.其它/POS机.jpg,1,1.0,visual_verified_from_uploaded_image
77bb772570a6ce4e,2026-07-05,其它,POS,,POS机型号系列,E350S,,,开机屏好,9,元/台,,image,POS机.jpg,数码网报价单-0705更新/5.其它/POS机.jpg,1,1.0,visual_verified_from_uploaded_image
144265fcc181f495,2026-07-05,其它,POS,,POS机型号系列,E350S,,,屏坏,9,元/台,,image,POS机.jpg,数码网报价单-0705更新/5.其它/POS机.jpg,1,1.0,visual_verified_from_uploaded_image
0faf3a46e3a02e4a,2026-07-05,其它,POS,,POS机型号系列,E350S,,,不开机,9,元/台,,image,POS机.jpg,数码网报价单-0705更新/5.其它/POS机.jpg,1,1.0,visual_verified_from_uploaded_image
61f6318617eebc3b,2026-07-05,其它,POS,,POS机型号系列,E350S,,,废板-整机,8,元/台,,image,POS机.jpg,数码网报价单-0705更新/5.其它/POS机.jpg,1,1.0,visual_verified_from_uploaded_image
95ff0e8013204340,2026-07-05,其它,POS,,POS机型号系列,E350,,,开机屏好,9,元/台,,image,POS机.jpg,数码网报价单-0705更新/5.其它/POS机.jpg,1,1.0,visual_verified_from_uploaded_image
1a54a5b60955a7ad,2026-07-05,其它,POS,,POS机型号系列,E350,,,屏坏,9,元/台,,image,POS机.jpg,数码网报价单-0705更新/5.其它/POS机.jpg,1,1.0,visual_verified_from_uploaded_image
c1eedc6f0d1ab237,2026-07-05,其它,POS,,POS机型号系列,E350,,,不开机,9,元/台,,image,POS机.jpg,数码网报价单-0705更新/5.其它/POS机.jpg,1,1.0,visual_verified_from_uploaded_image
bcba788818226498,2026-07-05,其它,POS,,POS机型号系列,E350,,,废板-整机,8,元/台,,image,POS机.jpg,数码网报价单-0705更新/5.其它/POS机.jpg,1,1.0,visual_verified_from_uploaded_image
0e1a061b12276e99,2026-07-05,其它,POS,,POS机型号系列,S58（MOO电话机）,,,开机屏好,9,元/台,,image,POS机.jpg,数码网报价单-0705更新/5.其它/POS机.jpg,1,1.0,visual_verified_from_uploaded_image
2ee15172e2be239b,2026-07-05,其它,POS,,POS机型号系列,S58（MOO电话机）,,,屏坏,9,元/台,,image,POS机.jpg,数码网报价单-0705更新/5.其它/POS机.jpg,1,1.0,visual_verified_from_uploaded_image
2028b126c3b8fe81,2026-07-05,其它,POS,,POS机型号系列,S58（MOO电话机）,,,不开机,9,元/台,,image,POS机.jpg,数码网报价单-0705更新/5.其它/POS机.jpg,1,1.0,visual_verified_from_uploaded_image
4208d0c7118987ca,2026-07-05,其它,POS,,POS机型号系列,S58（MOO电话机）,,,废板-整机,8,元/台,,image,POS机.jpg,数码网报价单-0705更新/5.其它/POS机.jpg,1,1.0,visual_verified_from_uploaded_image
03c4edc431eeb259,2026-07-05,其它,POS,,POS机型号系列,S58（MOL固定机）,,,开机屏好,9,元/台,,image,POS机.jpg,数码网报价单-0705更新/5.其它/POS机.jpg,1,1.0,visual_verified_from_uploaded_image
ef6ec087b3bd23eb,2026-07-05,其它,POS,,POS机型号系列,S58（MOL固定机）,,,屏坏,9,元/台,,image,POS机.jpg,数码网报价单-0705更新/5.其它/POS机.jpg,1,1.0,visual_verified_from_uploaded_image
bb097dbdc285fb61,2026-07-05,其它,POS,,POS机型号系列,S58（MOL固定机）,,,不开机,9,元/台,,image,POS机.jpg,数码网报价单-0705更新/5.其它/POS机.jpg,1,1.0,visual_verified_from_uploaded_image
9c76fbe5ef45050f,2026-07-05,其它,POS,,POS机型号系列,S58（MOL固定机）,,,废板-整机,8,元/台,,image,POS机.jpg,数码网报价单-0705更新/5.其它/POS机.jpg,1,1.0,visual_verified_from_uploaded_image
57c9184bf01e7381,2026-07-05,其它,POS,,POS机型号系列,S58（MGL移动）,,,开机屏好,9,元/台,,image,POS机.jpg,数码网报价单-0705更新/5.其它/POS机.jpg,1,1.0,visual_verified_from_uploaded_image
6c0437d59c1544bb,2026-07-05,其它,POS,,POS机型号系列,S58（MGL移动）,,,屏坏,9,元/台,,image,POS机.jpg,数码网报价单-0705更新/5.其它/POS机.jpg,1,1.0,visual_verified_from_uploaded_image
4fb89b3ba3fa5d3f,2026-07-05,其它,POS,,POS机型号系列,S58（MGL移动）,,,不开机,9,元/台,,image,POS机.jpg,数码网报价单-0705更新/5.其它/POS机.jpg,1,1.0,visual_verified_from_uploaded_image
388db34b7fb3abff,2026-07-05,其它,POS,,POS机型号系列,S58（MGL移动）,,,废板-整机,8,元/台,,image,POS机.jpg,数码网报价单-0705更新/5.其它/POS机.jpg,1,1.0,visual_verified_from_uploaded_image
d5f2060c08eaefcd,2026-07-05,其它,POS,,POS机型号系列,电签彩屏（2.4寸屏）,,,开机屏好,4,元/台,,image,POS机.jpg,数码网报价单-0705更新/5.其它/POS机.jpg,1,1.0,visual_verified_from_uploaded_image
c7fc31f70a60ba37,2026-07-05,其它,POS,,POS机型号系列,电签彩屏（2.4寸屏）,,,屏坏,2,元/台,,image,POS机.jpg,数码网报价单-0705更新/5.其它/POS机.jpg,1,1.0,visual_verified_from_uploaded_image
6b444c3f2e6978e9,2026-07-05,其它,POS,,POS机型号系列,电签彩屏（2.4寸屏）,,,不开机,4,元/台,,image,POS机.jpg,数码网报价单-0705更新/5.其它/POS机.jpg,1,1.0,visual_verified_from_uploaded_image
fa8572341342b84b,2026-07-05,其它,POS,,POS机型号系列,电签彩屏（2.4寸屏）,,,废板-整机,2,元/台,,image,POS机.jpg,数码网报价单-0705更新/5.其它/POS机.jpg,1,1.0,visual_verified_from_uploaded_image
995034a3696206dc,2026-07-05,其它,POS,,POS机型号系列,电签黑白屏（2.4寸屏）,,,开机屏好,2,元/台,,image,POS机.jpg,数码网报价单-0705更新/5.其它/POS机.jpg,1,1.0,visual_verified_from_uploaded_image
3db3612127c73394,2026-07-05,其它,POS,,POS机型号系列,电签黑白屏（2.4寸屏）,,,屏坏,1,元/台,,image,POS机.jpg,数码网报价单-0705更新/5.其它/POS机.jpg,1,1.0,visual_verified_from_uploaded_image
a1ed4118304fe774,2026-07-05,其它,POS,,POS机型号系列,电签黑白屏（2.4寸屏）,,,不开机,2,元/台,,image,POS机.jpg,数码网报价单-0705更新/5.其它/POS机.jpg,1,1.0,visual_verified_from_uploaded_image
74906aa1ef38691f,2026-07-05,其它,POS,,POS机型号系列,电签黑白屏（2.4寸屏）,,,废板-整机,1,元/台,,image,POS机.jpg,数码网报价单-0705更新/5.其它/POS机.jpg,1,1.0,visual_verified_from_uploaded_image
3f996b47ad422ee6,2026-07-05,其它,机顶盒,华为,机顶盒,HG680-MC,,,价格,50,元/个,,image,机顶盒.jpg,数码网报价单-0705更新/5.其它/机顶盒.jpg,1,1.0,visual_verified_from_uploaded_image
690aaf0b0c14e6d9,2026-07-05,其它,机顶盒,华为,机顶盒,E900V22D,,,价格,50,元/个,,image,机顶盒.jpg,数码网报价单-0705更新/5.其它/机顶盒.jpg,1,1.0,visual_verified_from_uploaded_image
080b77f772a268a7,2026-07-05,其它,机顶盒,华为,机顶盒,HG680-LC,,,价格,50,元/个,,image,机顶盒.jpg,数码网报价单-0705更新/5.其它/机顶盒.jpg,1,1.0,visual_verified_from_uploaded_image
841fd5b1d7401c9e,2026-07-05,其它,机顶盒,华为,机顶盒,UNT403G,,,价格,50,元/个,,image,机顶盒.jpg,数码网报价单-0705更新/5.其它/机顶盒.jpg,1,1.0,visual_verified_from_uploaded_image
f9ae971ff491f4d0,2026-07-05,其它,机顶盒,华为,机顶盒,CM311-5,,,价格,40,元/个,,image,机顶盒.jpg,数码网报价单-0705更新/5.其它/机顶盒.jpg,1,1.0,visual_verified_from_uploaded_image
f0ec4045fd56c40f,2026-07-05,其它,机顶盒,华为,机顶盒,MGV2000,,,价格,30,元/个,,image,机顶盒.jpg,数码网报价单-0705更新/5.其它/机顶盒.jpg,1,1.0,visual_verified_from_uploaded_image
4d225d80df63d584,2026-07-05,其它,机顶盒,华为,机顶盒,4K机顶盒大机体,,,价格,30,元/个,,image,机顶盒.jpg,数码网报价单-0705更新/5.其它/机顶盒.jpg,1,1.0,visual_verified_from_uploaded_image
cb3b516e391c0fa4,2026-07-05,其它,机顶盒,华为,机顶盒,安卓4K机顶盒,,,价格,30,元/个,,image,机顶盒.jpg,数码网报价单-0705更新/5.其它/机顶盒.jpg,1,1.0,visual_verified_from_uploaded_image
554e32b6283cab15,2026-07-05,其它,机顶盒,华为,机顶盒,2K机顶盒,,,价格,10,元/个,,image,机顶盒.jpg,数码网报价单-0705更新/5.其它/机顶盒.jpg,1,1.0,visual_verified_from_uploaded_image
c20d76f2bb04f22b,2026-07-05,其它,机顶盒,华为,机顶盒,新魔百和,,,价格,25,元/个,,image,机顶盒.jpg,数码网报价单-0705更新/5.其它/机顶盒.jpg,1,1.0,visual_verified_from_uploaded_image
ce712dd5c2c6e7d0,2026-07-05,其它,机顶盒,华为,机顶盒,201-2,,,点数,30,元/个,,image,机顶盒.jpg,数码网报价单-0705更新/5.其它/机顶盒.jpg,1,1.0,visual_verified_from_uploaded_image
fa3122d7b4cc851c,2026-07-05,其它,机顶盒,华为,机顶盒,201-2,,,高变,20,元/个,,image,机顶盒.jpg,数码网报价单-0705更新/5.其它/机顶盒.jpg,1,1.0,visual_verified_from_uploaded_image
da9848821f1dc9fa,2026-07-05,其它,机顶盒,华为,机顶盒,401H,,,点数,30,元/个,,image,机顶盒.jpg,数码网报价单-0705更新/5.其它/机顶盒.jpg,1,1.0,visual_verified_from_uploaded_image
5f8e34c36c306eb2,2026-07-05,其它,机顶盒,华为,机顶盒,401H,,,高变,15,元/个,,image,机顶盒.jpg,数码网报价单-0705更新/5.其它/机顶盒.jpg,1,1.0,visual_verified_from_uploaded_image
174b167f1aca3cd7,2026-07-05,其它,机顶盒,华为,机顶盒,E900V21E,,,点数,35,元/个,,image,机顶盒.jpg,数码网报价单-0705更新/5.其它/机顶盒.jpg,1,1.0,visual_verified_from_uploaded_image
9806b7772e016277,2026-07-05,其它,机顶盒,华为,机顶盒,E900V21E,,,高变,15,元/个,,image,机顶盒.jpg,数码网报价单-0705更新/5.其它/机顶盒.jpg,1,1.0,visual_verified_from_uploaded_image
33f9426fede1166b,2026-07-05,其它,机顶盒,华为,机顶盒,EC6108V9C,,,点数,30,元/个,,image,机顶盒.jpg,数码网报价单-0705更新/5.其它/机顶盒.jpg,1,1.0,visual_verified_from_uploaded_image
521f3fe64117601e,2026-07-05,其它,机顶盒,华为,机顶盒,E900V22E,,,点数,45,元/个,,image,机顶盒.jpg,数码网报价单-0705更新/5.其它/机顶盒.jpg,1,1.0,visual_verified_from_uploaded_image
54cab211b0e949f4,2026-07-05,其它,机顶盒,华为,机顶盒,E900V22E,,,高变,15,元/个,,image,机顶盒.jpg,数码网报价单-0705更新/5.其它/机顶盒.jpg,1,1.0,visual_verified_from_uploaded_image
0878a3aed29d0dd3,2026-07-05,其它,机顶盒,华为,机顶盒,E900V22C,,,点数,45,元/个,,image,机顶盒.jpg,数码网报价单-0705更新/5.其它/机顶盒.jpg,1,1.0,visual_verified_from_uploaded_image
3b2a7d25bd10abb1,2026-07-05,其它,机顶盒,华为,机顶盒,E900V22C,,,高变,15,元/个,,image,机顶盒.jpg,数码网报价单-0705更新/5.其它/机顶盒.jpg,1,1.0,visual_verified_from_uploaded_image
b9b202d518cd6456,2026-07-05,其它,机顶盒,华为,机顶盒,6109-M,,,点数,30,元/个,,image,机顶盒.jpg,数码网报价单-0705更新/5.其它/机顶盒.jpg,1,1.0,visual_verified_from_uploaded_image
dc0a9dff4b15bca8,2026-07-05,其它,机顶盒,华为,机顶盒,6109-M,,,高变,15,元/个,,image,机顶盒.jpg,数码网报价单-0705更新/5.其它/机顶盒.jpg,1,1.0,visual_verified_from_uploaded_image
10a713e224afea98,2026-07-05,其它,机顶盒,华为,机顶盒,301H,,,点数,30,元/个,,image,机顶盒.jpg,数码网报价单-0705更新/5.其它/机顶盒.jpg,1,1.0,visual_verified_from_uploaded_image
eedd2ec485f499fa,2026-07-05,其它,机顶盒,华为,机顶盒,301H,,,高变,15,元/个,,image,机顶盒.jpg,数码网报价单-0705更新/5.其它/机顶盒.jpg,1,1.0,visual_verified_from_uploaded_image
6c54df245ec9ee6a,2026-07-05,其它,机顶盒,华为,机顶盒,680-KA,,,点数,35,元/个,,image,机顶盒.jpg,数码网报价单-0705更新/5.其它/机顶盒.jpg,1,1.0,visual_verified_from_uploaded_image
173d715f1ab2d8ea,2026-07-05,其它,机顶盒,华为,机顶盒,680-KA,,,高变,15,元/个,,image,机顶盒.jpg,数码网报价单-0705更新/5.其它/机顶盒.jpg,1,1.0,visual_verified_from_uploaded_image
06baeffc7985ddb3,2026-07-05,其它,机顶盒,华为,机顶盒,6110-T,,,点数,35,元/个,,image,机顶盒.jpg,数码网报价单-0705更新/5.其它/机顶盒.jpg,1,1.0,visual_verified_from_uploaded_image
defd42523af59ae6,2026-07-05,其它,机顶盒,华为,机顶盒,6110-T,,,高变,15,元/个,,image,机顶盒.jpg,数码网报价单-0705更新/5.其它/机顶盒.jpg,1,1.0,visual_verified_from_uploaded_image
099a08687567974f,2026-07-05,其它,机顶盒,华为,机顶盒,6110-M,,,点数,35,元/个,,image,机顶盒.jpg,数码网报价单-0705更新/5.其它/机顶盒.jpg,1,1.0,visual_verified_from_uploaded_image
b7db758b8b15cefa,2026-07-05,其它,机顶盒,华为,机顶盒,6110-M,,,高变,15,元/个,,image,机顶盒.jpg,数码网报价单-0705更新/5.其它/机顶盒.jpg,1,1.0,visual_verified_from_uploaded_image
5187bdfe9ae179dc,2026-07-05,其它,机顶盒,华为,机顶盒,6108 V9C,,,点数,30,元/个,,image,机顶盒.jpg,数码网报价单-0705更新/5.其它/机顶盒.jpg,1,1.0,visual_verified_from_uploaded_image
6867ca118072b0a4,2026-07-05,其它,机顶盒,华为,机顶盒,ZXV10 B860AV2.1-A,,,点数,35,元/个,,image,机顶盒.jpg,数码网报价单-0705更新/5.其它/机顶盒.jpg,1,1.0,visual_verified_from_uploaded_image
43ca677a6ec58e54,2026-07-05,其它,机顶盒,华为,机顶盒,ZXV10 B860AV2.1-M,,,点数,35,元/个,,image,机顶盒.jpg,数码网报价单-0705更新/5.其它/机顶盒.jpg,1,1.0,visual_verified_from_uploaded_image
0b43b803afeb74bb,2026-07-05,其它,机顶盒,华为,机顶盒,ZXV10 B860AV3.2-M,,,高变,50,元/个,,image,机顶盒.jpg,数码网报价单-0705更新/5.其它/机顶盒.jpg,1,1.0,visual_verified_from_uploaded_image
826079d6bbc82594,2026-07-05,其它,机顶盒,华为,机顶盒,ZXV10 B860AV3.2-M2,,,高变,50,元/个,,image,机顶盒.jpg,数码网报价单-0705更新/5.其它/机顶盒.jpg,1,1.0,visual_verified_from_uploaded_image
a5835976f7e7876a,2026-07-05,其它,机顶盒,华为,机顶盒,ZXV10 B860AV3.2-M6 PRO,,,高变,70,元/个,,image,机顶盒.jpg,数码网报价单-0705更新/5.其它/机顶盒.jpg,1,1.0,visual_verified_from_uploaded_image
16e2ba348d71bf74,2026-07-05,其它,机顶盒,华为,机顶盒,ZXV10 B860AV2.1,,,点数,35,元/个,,image,机顶盒.jpg,数码网报价单-0705更新/5.其它/机顶盒.jpg,1,1.0,visual_verified_from_uploaded_image
912e23382a2b6364,2026-07-05,其它,身份证阅读器,0501,身份证阅读器,13年身份证模块,,,测好,90,元/个,,image,身份证阅读器.jpg,数码网报价单-0705更新/5.其它/身份证阅读器.jpg,1,1.0,visual_verified_from_uploaded_image
cc11224a9f8d9148,2026-07-05,其它,身份证阅读器,0502,身份证阅读器,身份证模块,,,测好,90,元/个,,image,身份证阅读器.jpg,数码网报价单-0705更新/5.其它/身份证阅读器.jpg,1,1.0,visual_verified_from_uploaded_image
8fd5a98da1cc9b9d,2026-07-05,其它,身份证阅读器,0503,身份证阅读器,24年身份证模块,,,测好,420,元/个,,image,身份证阅读器.jpg,数码网报价单-0705更新/5.其它/身份证阅读器.jpg,1,1.0,visual_verified_from_uploaded_image
da56dcdde3af906a,2026-07-05,其它,身份证阅读器,0503,身份证阅读器,22年身份证模块,,,测好,330,元/个,,image,身份证阅读器.jpg,数码网报价单-0705更新/5.其它/身份证阅读器.jpg,1,1.0,visual_verified_from_uploaded_image
eeba09227a61b172,2026-07-05,其它,身份证阅读器,0503,身份证阅读器,23年身份证模块,,,测好,350,元/个,,image,身份证阅读器.jpg,数码网报价单-0705更新/5.其它/身份证阅读器.jpg,1,1.0,visual_verified_from_uploaded_image
fa8d914b143268c4,2026-07-05,其它,身份证阅读器,0503,身份证阅读器,21年身份证模块,,,测好,260,元/个,,image,身份证阅读器.jpg,数码网报价单-0705更新/5.其它/身份证阅读器.jpg,1,1.0,visual_verified_from_uploaded_image
ba13e94744ac669a,2026-07-05,其它,身份证阅读器,0503,身份证阅读器,20年身份证模块,,,测好,240,元/个,,image,身份证阅读器.jpg,数码网报价单-0705更新/5.其它/身份证阅读器.jpg,1,1.0,visual_verified_from_uploaded_image
7f92faf0ef743086,2026-07-05,其它,身份证阅读器,0503,身份证阅读器,19年身份证模块,,,测好,220,元/个,,image,身份证阅读器.jpg,数码网报价单-0705更新/5.其它/身份证阅读器.jpg,1,1.0,visual_verified_from_uploaded_image
8b117bcb26ad6926,2026-07-05,其它,身份证阅读器,0503,身份证阅读器,18年身份证模块,,,测好,200,元/个,,image,身份证阅读器.jpg,数码网报价单-0705更新/5.其它/身份证阅读器.jpg,1,1.0,visual_verified_from_uploaded_image
f9ab877aaf88f519,2026-07-05,其它,身份证阅读器,0503,身份证阅读器,17年身份证模块,,,测好,200,元/个,,image,身份证阅读器.jpg,数码网报价单-0705更新/5.其它/身份证阅读器.jpg,1,1.0,visual_verified_from_uploaded_image
ac11cbe1989267ed,2026-07-05,其它,身份证阅读器,0503,身份证阅读器,16年身份证模块,,,测好,190,元/个,,image,身份证阅读器.jpg,数码网报价单-0705更新/5.其它/身份证阅读器.jpg,1,1.0,visual_verified_from_uploaded_image
805f51b178b251b2,2026-07-05,其它,身份证阅读器,0503,身份证阅读器,15年身份证模块,,,测好,190,元/个,,image,身份证阅读器.jpg,数码网报价单-0705更新/5.其它/身份证阅读器.jpg,1,1.0,visual_verified_from_uploaded_image
df87fd8d08a214ac,2026-07-05,其它,身份证阅读器,0503,身份证阅读器,13、14年及以下身份证模块,,,测好,190,元/个,,image,身份证阅读器.jpg,数码网报价单-0705更新/5.其它/身份证阅读器.jpg,1,1.0,visual_verified_from_uploaded_image
6620ca16f57e9c98,2026-07-05,其它,身份证阅读器,0513,身份证阅读器,0513 16年之前身份证模块,,,测好,430,元/个,,image,身份证阅读器.jpg,数码网报价单-0705更新/5.其它/身份证阅读器.jpg,1,1.0,visual_verified_from_uploaded_image
a3152f3836a2382b,2026-07-05,其它,身份证阅读器,0513,身份证阅读器,0513 17-18年身份证模块,,,测好,430,元/个,,image,身份证阅读器.jpg,数码网报价单-0705更新/5.其它/身份证阅读器.jpg,1,1.0,visual_verified_from_uploaded_image
3b874250b8bd4b54,2026-07-05,其它,身份证阅读器,0513,身份证阅读器,0513 19年-20年身份证模块,,,测好,430,元/个,,image,身份证阅读器.jpg,数码网报价单-0705更新/5.其它/身份证阅读器.jpg,1,1.0,visual_verified_from_uploaded_image
507bd95330f72505,2026-07-05,其它,身份证阅读器,0513,身份证阅读器,0513 21年身份证模块,,,测好,430,元/个,,image,身份证阅读器.jpg,数码网报价单-0705更新/5.其它/身份证阅读器.jpg,1,1.0,visual_verified_from_uploaded_image
298b4d656a96e48e,2026-07-05,其它,身份证阅读器,0513,身份证阅读器,0513 22年身份证模块,,,测好,450,元/个,,image,身份证阅读器.jpg,数码网报价单-0705更新/5.其它/身份证阅读器.jpg,1,1.0,visual_verified_from_uploaded_image
252f561e22f14b01,2026-07-05,其它,身份证阅读器,0513,身份证阅读器,0513 23年身份证模块,,,测好,480,元/个,,image,身份证阅读器.jpg,数码网报价单-0705更新/5.其它/身份证阅读器.jpg,1,1.0,visual_verified_from_uploaded_image
611153ae670eade3,2026-07-05,其它,身份证阅读器,其它,身份证阅读器,坏身份证阅读器,,,测好,5,元/个,,image,身份证阅读器.jpg,数码网报价单-0705更新/5.其它/身份证阅读器.jpg,1,1.0,visual_verified_from_uploaded_image
3e5b17ed4f2e5af9,2026-07-05,手机配件,手机屏幕,,报废手机屏,全面屏/水滴屏/刘海屏,,,点数,1.2,元/个,要求有4成内爆不破；全破0.4元/个,image,手机屏幕2.jpg,数码网报价单-0705更新/2.手机配件/手机屏幕2.jpg,1,1.0,visual_verified_from_uploaded_image
72407e54e906d8da,2026-07-05,手机配件,手机屏幕,,报废手机屏,COF,,,点数,1.5,元/个,要求有3成内屏不破；全破0.5元/个,image,手机屏幕2.jpg,数码网报价单-0705更新/2.手机配件/手机屏幕2.jpg,1,1.0,visual_verified_from_uploaded_image
45cc9e5fe8a09fad,2026-07-05,手机配件,手机屏幕,,报废手机屏,TFT,,,点数,1,元/个,要求有3成内屏不破；全破0.4元/个,image,手机屏幕2.jpg,数码网报价单-0705更新/2.手机配件/手机屏幕2.jpg,1,1.0,visual_verified_from_uploaded_image
097dba13a1cc2142,2026-07-05,手机配件,手机屏幕,,报废手机屏,6-8代苹果屏统点,,,点数,1.2,元/个,,image,手机屏幕2.jpg,数码网报价单-0705更新/2.手机配件/手机屏幕2.jpg,1,1.0,visual_verified_from_uploaded_image
179a961039f3ef5b,2026-07-05,手机配件,手机屏幕,,报废手机屏,X以上苹果屏,,,点数,3.5,元/个,,image,手机屏幕2.jpg,数码网报价单-0705更新/2.手机配件/手机屏幕2.jpg,1,1.0,visual_verified_from_uploaded_image
32699508f4218b6d,2026-07-05,手机配件,手机屏幕,,称斤系列,称斤废屏,,,称斤,5,元/斤,,image,手机屏幕2.jpg,数码网报价单-0705更新/2.手机配件/手机屏幕2.jpg,1,1.0,visual_verified_from_uploaded_image
ee4493d568eeeec5,2026-07-05,手机配件,老年机,,老年机,功能机（老年机）有电池,,,有电池,11,元/个,图片页面更新时间显示2026-07-14；按0705批次归档,image,老年机.jpg,数码网报价单-0705更新/2.手机配件/老年机.jpg,1,1.0,visual_verified_from_uploaded_image
32753969c2488e26,2026-07-05,手机配件,老年机,,老年机,功能机（老年机）无电池,,,无电池,10,元/个,图片页面更新时间显示2026-07-14；按0705批次归档,image,老年机.jpg,数码网报价单-0705更新/2.手机配件/老年机.jpg,1,1.0,visual_verified_from_uploaded_image
db57df11720bb15e,2026-07-05,手机配件,老年机,,老年机,翻盖老款机（称斤杂机）,,,价格,200,元/台,图片页面更新时间显示2026-07-14；按0705批次归档,image,老年机.jpg,数码网报价单-0705更新/2.手机配件/老年机.jpg,1,1.0,visual_verified_from_uploaded_image
7ca1e44a38fe1585,2026-07-05,手机配件,老年机,,老年机,两面以上翻盖机（称斤杂机）,,,价格,90,元/个,图片页面更新时间显示2026-07-14；按0705批次归档,image,老年机.jpg,数码网报价单-0705更新/2.手机配件/老年机.jpg,1,1.0,visual_verified_from_uploaded_image
017275724caf6a1e,2026-07-05,手机配件,老年机,,老年机,直板机（称斤杂机）,,,价格,75,元/个,图片页面更新时间显示2026-07-14；按0705批次归档,image,老年机.jpg,数码网报价单-0705更新/2.手机配件/老年机.jpg,1,1.0,visual_verified_from_uploaded_image
66b35bed94f7796f,2026-07-05,手机配件,老年机,,老年机,双卡大喇叭,,,价格,8.1,元/个,图片页面更新时间显示2026-07-14；按0705批次归档,image,老年机.jpg,数码网报价单-0705更新/2.手机配件/老年机.jpg,1,1.0,visual_verified_from_uploaded_image
955260cb3ef1c67b,2026-07-05,手机配件,老年机,,老年机,老款5110系列,,,价格,40,元/个,图片页面更新时间显示2026-07-14；按0705批次归档,image,老年机.jpg,数码网报价单-0705更新/2.手机配件/老年机.jpg,1,1.0,visual_verified_from_uploaded_image
f3fd85267065c9a0,2026-07-05,手机配件,老年机,,老年机,老款翻盖系列,,,价格,26,元/个,图片页面更新时间显示2026-07-14；按0705批次归档,image,老年机.jpg,数码网报价单-0705更新/2.手机配件/老年机.jpg,1,1.0,visual_verified_from_uploaded_image
74defc4d51e3df36,2026-07-05,手机配件,老年机,,老年机,老款低档翻盖系列,,,价格,20,元/个,图片页面更新时间显示2026-07-14；按0705批次归档,image,老年机.jpg,数码网报价单-0705更新/2.手机配件/老年机.jpg,1,1.0,visual_verified_from_uploaded_image
4b798675f9db04a5,2026-07-05,手机配件,老年机,,老年机,老款低档翻盖至70、72系列,,,价格,30,元/个,图片页面更新时间显示2026-07-14；按0705批次归档,image,老年机.jpg,数码网报价单-0705更新/2.手机配件/老年机.jpg,1,1.0,visual_verified_from_uploaded_image
5cd39cf1b6fdd968,2026-07-05,手机配件,老年机,,老年机,老款低档翻盖至V3、L6L7系列,,,价格,30,元/个,图片页面更新时间显示2026-07-14；按0705批次归档,image,老年机.jpg,数码网报价单-0705更新/2.手机配件/老年机.jpg,1,1.0,visual_verified_from_uploaded_image
35dcb74e273ace9c,2026-07-05,手机配件,老年机,,老年机,老款摩托罗拉大哥大,,,价格,60,元/个,图片页面更新时间显示2026-07-14；按0705批次归档,image,老年机.jpg,数码网报价单-0705更新/2.手机配件/老年机.jpg,1,1.0,visual_verified_from_uploaded_image
0755d0a4d614ece1,2026-07-05,手机配件,老年机,,老年机,保千里守护V9至尊版,,,价格,1999,元/台,图片页面更新时间显示2026-07-14；按0705批次归档,image,老年机.jpg,数码网报价单-0705更新/2.手机配件/老年机.jpg,1,1.0,visual_verified_from_uploaded_image
94e5213be8c715d0,2026-07-05,手机配件,老年机,,老年机,TCL999D配件,,,价格,1666,元/台,图片页面更新时间显示2026-07-14；按0705批次归档,image,老年机.jpg,数码网报价单-0705更新/2.手机配件/老年机.jpg,1,1.0,visual_verified_from_uploaded_image
95d441332f95dd5f,2026-07-05,手机配件,老年机,,老年机,双小卡老年机银机,,,价格,12,元/个,图片页面更新时间显示2026-07-14；按0705批次归档,image,老年机.jpg,数码网报价单-0705更新/2.手机配件/老年机.jpg,1,1.0,visual_verified_from_uploaded_image
ed48bfdb12c9fcd1,2026-07-05,手机配件,老年机,,老年机,双小卡老年机通点,,,价格,11,元/个,图片页面更新时间显示2026-07-14；按0705批次归档,image,老年机.jpg,数码网报价单-0705更新/2.手机配件/老年机.jpg,1,1.0,visual_verified_from_uploaded_image
3ca54fefdcb5d92f,2026-07-05,手机配件,苹果手机屏幕,苹果,高端原装内爆屏,苹果16pro,,,LG内爆点亮原IC,300,元/个,清一色炸屏屏不要；断排线的不要,image,苹果手机屏幕.jpg,数码网报价单-0705更新/2.手机配件/苹果手机屏幕.jpg,1,1.0,visual_verified_from_uploaded_image
a85a41892e92733d,2026-07-05,手机配件,苹果手机屏幕,苹果,高端原装内爆屏,苹果16pro,,,LG内爆点亮无IC,150,元/个,清一色炸屏屏不要；断排线的不要,image,苹果手机屏幕.jpg,数码网报价单-0705更新/2.手机配件/苹果手机屏幕.jpg,1,1.0,visual_verified_from_uploaded_image
96f5f2f6546ffb08,2026-07-05,手机配件,苹果手机屏幕,苹果,高端原装内爆屏,苹果16,,,LG内爆点亮原IC,40,元/个,清一色炸屏屏不要；断排线的不要,image,苹果手机屏幕.jpg,数码网报价单-0705更新/2.手机配件/苹果手机屏幕.jpg,1,1.0,visual_verified_from_uploaded_image
1228dc08b3e8d6ce,2026-07-05,手机配件,苹果手机屏幕,苹果,高端原装内爆屏,苹果16,,,LG内爆点亮无IC,15,元/个,清一色炸屏屏不要；断排线的不要,image,苹果手机屏幕.jpg,数码网报价单-0705更新/2.手机配件/苹果手机屏幕.jpg,1,1.0,visual_verified_from_uploaded_image
bccab4d57a50e858,2026-07-05,手机配件,苹果手机屏幕,苹果,高端原装内爆屏,苹果16,,,LG内爆不亮,15,元/个,清一色炸屏屏不要；断排线的不要,image,苹果手机屏幕.jpg,数码网报价单-0705更新/2.手机配件/苹果手机屏幕.jpg,1,1.0,visual_verified_from_uploaded_image
1a5ee50a48591081,2026-07-05,手机配件,苹果手机屏幕,苹果,高端原装内爆屏,苹果16,,,三星内爆不亮,3,元/个,清一色炸屏屏不要；断排线的不要,image,苹果手机屏幕.jpg,数码网报价单-0705更新/2.手机配件/苹果手机屏幕.jpg,1,1.0,visual_verified_from_uploaded_image
f504ad5ab454de60,2026-07-05,手机配件,苹果手机屏幕,苹果,高端原装内爆屏,苹果15Promax,,,LG内爆点亮原IC,40,元/个,清一色炸屏屏不要；断排线的不要,image,苹果手机屏幕.jpg,数码网报价单-0705更新/2.手机配件/苹果手机屏幕.jpg,1,1.0,visual_verified_from_uploaded_image
856f0eca9fe342d2,2026-07-05,手机配件,苹果手机屏幕,苹果,高端原装内爆屏,苹果15Promax,,,LG内爆点亮无IC,10,元/个,清一色炸屏屏不要；断排线的不要,image,苹果手机屏幕.jpg,数码网报价单-0705更新/2.手机配件/苹果手机屏幕.jpg,1,1.0,visual_verified_from_uploaded_image
aea80edfa7677844,2026-07-05,手机配件,苹果手机屏幕,苹果,高端原装内爆屏,苹果15Promax,,,LG内爆不亮,8,元/个,清一色炸屏屏不要；断排线的不要,image,苹果手机屏幕.jpg,数码网报价单-0705更新/2.手机配件/苹果手机屏幕.jpg,1,1.0,visual_verified_from_uploaded_image
83f638ba7ba855ee,2026-07-05,手机配件,苹果手机屏幕,苹果,高端原装内爆屏,苹果15Promax,,,三星内爆不亮,3,元/个,清一色炸屏屏不要；断排线的不要,image,苹果手机屏幕.jpg,数码网报价单-0705更新/2.手机配件/苹果手机屏幕.jpg,1,1.0,visual_verified_from_uploaded_image
68e68c13d00ef651,2026-07-05,手机配件,苹果手机屏幕,苹果,高端原装内爆屏,苹果15Pro,,,LG内爆点亮原IC,40,元/个,清一色炸屏屏不要；断排线的不要,image,苹果手机屏幕.jpg,数码网报价单-0705更新/2.手机配件/苹果手机屏幕.jpg,1,1.0,visual_verified_from_uploaded_image
49bc5db7e8925849,2026-07-05,手机配件,苹果手机屏幕,苹果,高端原装内爆屏,苹果15Pro,,,LG内爆点亮无IC,10,元/个,清一色炸屏屏不要；断排线的不要,image,苹果手机屏幕.jpg,数码网报价单-0705更新/2.手机配件/苹果手机屏幕.jpg,1,1.0,visual_verified_from_uploaded_image
e2b5b769b372ab02,2026-07-05,手机配件,苹果手机屏幕,苹果,高端原装内爆屏,苹果15Pro,,,LG内爆不亮,8,元/个,清一色炸屏屏不要；断排线的不要,image,苹果手机屏幕.jpg,数码网报价单-0705更新/2.手机配件/苹果手机屏幕.jpg,1,1.0,visual_verified_from_uploaded_image
058a81782979c82a,2026-07-05,手机配件,苹果手机屏幕,苹果,高端原装内爆屏,苹果15Pro,,,三星内爆不亮,3,元/个,清一色炸屏屏不要；断排线的不要,image,苹果手机屏幕.jpg,数码网报价单-0705更新/2.手机配件/苹果手机屏幕.jpg,1,1.0,visual_verified_from_uploaded_image
28905cb290b0c242,2026-07-05,手机配件,苹果手机屏幕,苹果,高端原装内爆屏,苹果14Promax,,,LG内爆点亮原IC,15,元/个,清一色炸屏屏不要；断排线的不要,image,苹果手机屏幕.jpg,数码网报价单-0705更新/2.手机配件/苹果手机屏幕.jpg,1,1.0,visual_verified_from_uploaded_image
620fea3dd54e5398,2026-07-05,手机配件,苹果手机屏幕,苹果,高端原装内爆屏,苹果14Promax,,,LG内爆点亮无IC,10,元/个,清一色炸屏屏不要；断排线的不要,image,苹果手机屏幕.jpg,数码网报价单-0705更新/2.手机配件/苹果手机屏幕.jpg,1,1.0,visual_verified_from_uploaded_image
3ab7f1d01644508f,2026-07-05,手机配件,苹果手机屏幕,苹果,高端原装内爆屏,苹果14Promax,,,LG内爆不亮,8,元/个,清一色炸屏屏不要；断排线的不要,image,苹果手机屏幕.jpg,数码网报价单-0705更新/2.手机配件/苹果手机屏幕.jpg,1,1.0,visual_verified_from_uploaded_image
40d6ebdf1f6b51ae,2026-07-05,手机配件,苹果手机屏幕,苹果,高端原装内爆屏,苹果14Promax,,,三星内爆不亮,3,元/个,清一色炸屏屏不要；断排线的不要,image,苹果手机屏幕.jpg,数码网报价单-0705更新/2.手机配件/苹果手机屏幕.jpg,1,1.0,visual_verified_from_uploaded_image
